72057594037929377;0,2950971;0,4240378;2,543762;159139365,5207
72057594037929377;0,3092816;0,4223855;2,522805;159139465,4956
72057594037929377;0,3133177;0,4224206;2,506993;159139532,4896
72057594037929377;0,3144273;0,4210551;2,491119;159139598,6195
72057594037929377;0,3136383;0,4210513;2,482576;159139632,4977
72057594037929377;0,3126267;0,4213815;2,472093;159139665,5708
72057594037929377;0,310565;0,4228136;2,460245;159139698,5986
72057594037929377;0,3091738;0,4242599;2,450353;159139732,4973
72057594037929377;0,3054087;0,4265837;2,437351;159139765,494
72057594037929377;0,3017267;0,4306773;2,424315;159139798,556
72057594037929377;0,2994205;0,432938;2,41215;159139832,517
72057594037929377;0,295531;0,4361782;2,402372;159139865,5342
72057594037929377;0,2922169;0,439145;2,390283;159139898,5701
72057594037929377;0,2874893;0,441338;2,377397;159139932,5085
72057594037929377;0,2795006;0,4432487;2,366966;159139965,527
72057594037929377;0,2778179;0,4437873;2,356525;159139998,5881
72057594037929377;0,2738975;0,4447935;2,346157;159140032,5167
72057594037929377;0,2674429;0,4451964;2,333027;159140065,5287
72057594037929377;0,2630256;0,4465233;2,32333;159140098,566
72057594037929377;0,2596414;0,4476498;2,313065;159140132,5048
72057594037929377;0,2578454;0,4474041;2,307246;159140165,519
72057594037929377;0,2543253;0,4471325;2,298152;159140198,5861
72057594037929377;0,2525141;0,4470294;2,291863;159140232,5163
72057594037929377;0,2530161;0,4475872;2,285366;159140265,5369
72057594037929377;0,2540054;0,4476271;2,280534;159140298,6945
72057594037929377;0,2558331;0,4477126;2,275474;159140332,4972
72057594037929377;0,2588911;0,4479833;2,271156;159140365,502
72057594037929377;0,2634819;0,4486788;2,266003;159140398,5695
72057594037929377;0,2681842;0,4490475;2,262307;159140432,5126
72057594037929377;0,2746513;0,4496698;2,258434;159140465,5272
72057594037929377;0,2847798;0,4505773;2,255571;159140498,5951
72057594037929377;0,2917383;0,4501386;2,253527;159140532,5007
72057594037929377;0,3046538;0,4505533;2,249743;159140565,4969
72057594037929377;0,3161001;0,4501176;2,249815;159140598,5926
72057594037929377;0,325534;0,4495877;2,248154;159140632,5007
72057594037929377;0,3410852;0,4482808;2,246347;159140665,4991
72057594037929377;0,3568999;0,4475909;2,246533;159140698,5671
72057594037929377;0,3702613;0,4483297;2,246547;159140732,5758
72057594037929377;0,3883593;0,4486689;2,245896;159140765,4983
72057594037929377;0,4050268;0,4476358;2,245016;159140798,6627
72057594037929377;0,421707;0,447514;2,246206;159140832,5289
72057594037929377;0,4385267;0,446951;2,244977;159140865,6707
72057594037929377;0,4536276;0,4479339;2,245435;159140898,6056
72057594037929377;0,4700048;0,4488248;2,245016;159140932,5264
72057594037929377;0,4867803;0,4506539;2,245276;159140965,4967
72057594037929377;0,5011668;0,4548226;2,244224;159140998,7421
72057594037929377;0,5140665;0,4574682;2,243198;159141032,5342
72057594037929377;0,5303386;0,4624476;2,243046;159141065,5279
72057594037929377;0,5439155;0,4635589;2,243415;159141098,6108
72057594037929377;0,5566931;0,4654717;2,243994;159141132,4975
72057594037929377;0,5715057;0,4668356;2,243167;159141165,4946
72057594037929377;0,5837169;0,4661506;2,243706;159141198,633
72057594037929377;0,5980889;0,4648117;2,243411;159141232,6068
72057594037929377;0,6085212;0,4632745;2,243685;159141265,4874
72057594037929377;0,6164834;0,4618137;2,244173;159141298,5588
72057594037929377;0,6241044;0,4602053;2,243296;159141332,6162
72057594037929377;0,6337253;0,4575613;2,241349;159141365,5097
72057594037929377;0,639964;0,4559154;2,240103;159141398,5601
72057594037929377;0,6465993;0,454138;2,237773;159141432,9106
72057594037929377;0,6532128;0,4529242;2,234798;159141465,5024
72057594037929377;0,6586425;0,4507133;2,231205;159141498,6237
72057594037929377;0,662537;0,4491082;2,227916;159141532,6782
72057594037929377;0,6670792;0,4480247;2,222837;159141565,5089
72057594037929377;0,6719206;0,4463804;2,217162;159141598,5645
72057594037929377;0,6753048;0,4443848;2,211758;159141632,598
72057594037929377;0,676314;0,4433263;2,209601;159141665,5951
72057594037929377;0,6775821;0,4418678;2,206609;159141698,5982
72057594037929377;0,6793656;0,4407478;2,203569;159141732,6816
72057594037929377;0,6794571;0,4401152;2,202106;159141765,6758
72057594037929377;0,6793759;0,4399076;2,201763;159141798,623
72057594037929377;0,6792792;0,4398516;2,201687;159141832,5063
72057594037929377;0,6766002;0,4401136;2,202524;159141865,4954
72057594037929377;0,6644919;0,4412987;2,20641;159141898,562
72057594037929377;0,6517255;0,443146;2,209987;159141932,4885
72057594037929377;0,633738;0,4456924;2,215154;159141965,5133
72057594037929377;0,6074334;0,4489549;2,220649;159141998,6687
72057594037929377;0,5855092;0,4512297;2,225446;159142032,5218
72057594037929377;0,559852;0,4512684;2,230901;159142065,5031
72057594037929377;0,5252383;0,4505468;2,238691;159142098,6487
72057594037929377;0,4980226;0,4476761;2,246684;159142132,6665
72057594037929377;0,4459645;0,4454508;2,262705;159142165,5138
72057594037929377;0,4233903;0,4424774;2,270212;159142198,5737
72057594037929377;0,3762566;0,439187;2,28446;159142232,5423
72057594037929377;0,3334337;0,438468;2,295054;159142265,5237
72057594037929377;0,3094582;0,4396293;2,301927;159142298,7397
72057594037929377;0,2730555;0,4398895;2,316623;159142332,5957
72057594037929377;0,2534871;0,4394031;2,323048;159142365,4986
72057594037929377;0,2196403;0,4387928;2,334395;159142398,5938
72057594037929377;0,1948316;0,4378461;2,342389;159142432,4976
72057594037929377;0,1675709;0,4389334;2,349929;159142465,6752
72057594037929377;0,1432377;0,4381147;2,35593;159142498,7603
72057594037929377;0,1251089;0,4369756;2,359297;159142532,67
72057594037929377;0,1076554;0,4373515;2,359514;159142565,4888
72057594037929377;0,07811202;0,4303779;2,364219;159142598,6391
72057594037929377;0,05649684;0,4311413;2,365148;159142632,5028
72057594037929377;0,03613996;0,428135;2,362434;159142665,6668
72057594037929377;0,0106657;0,4237445;2,361342;159142698,6584
72057594037929377;-0,01062582;0,4266771;2,352512;159142732,6765
72057594037929377;-0,03360448;0,4218847;2,348259;159142765,4932
72057594037929377;-0,05422371;0,4247975;2,339805;159142798,7271
72057594037929377;-0,07743183;0,4159006;2,332618;159142832,5281
72057594037929377;-0,1004564;0,4116694;2,323728;159142865,5018
72057594037929377;-0,1235906;0,4094028;2,31112;159142898,6094
72057594037929377;-0,1451757;0,4078929;2,303165;159142932,4953
72057594037929377;-0,1718985;0,4057535;2,291301;159142965,6703
72057594037929377;-0,1927421;0,4148949;2,276246;159142998,6419
72057594037929377;-0,2130924;0,4252999;2,262162;159143032,5
72057594037929377;-0,2282483;0,431391;2,248488;159143065,7177
72057594037929377;-0,2473558;0,4403371;2,232396;159143098,5963
72057594037929377;-0,2678952;0,4454995;2,221307;159143132,5035
72057594037929377;-0,2866283;0,4478381;2,212288;159143165,6708
72057594037929377;-0,3066422;0,4506332;2,202314;159143198,5976
72057594037929377;-0,3250272;0,4534999;2,194068;159143232,5833
72057594037929377;-0,3456017;0,4562805;2,187584;159143265,5113
72057594037929377;-0,3640283;0,4586649;2,181077;159143298,744
72057594037929377;-0,3857644;0,4591611;2,17505;159143332,5309
72057594037929377;-0,4090568;0,4603832;2,169444;159143365,5007
72057594037929377;-0,4307743;0,4606122;2,163702;159143398,5759
72057594037929377;-0,4551836;0,4605059;2,159428;159143432,6679
72057594037929377;-0,476967;0,4586286;2,156758;159143465,5396
72057594037929377;-0,5078257;0,4540345;2,154676;159143498,564
72057594037929377;-0,5324649;0,4520159;2,151348;159143532,5702
72057594037929377;-0,5628904;0,448029;2,149211;159143565,4888
72057594037929377;-0,5945497;0,4445925;2,149943;159143598,7266
72057594037929377;-0,619985;0,4445139;2,147091;159143632,6709
72057594037929377;-0,6541157;0,4462802;2,145731;159143665,5081
72057594037929377;-0,6798033;0,4508939;2,143096;159143698,5722
72057594037929377;-0,7108461;0,4577238;2,141095;159143732,5067
72057594037929377;-0,7351528;0,4612123;2,138389;159143765,5273
72057594037929377;-0,7630763;0,465629;2,13642;159143798,5688
72057594037929377;-0,7843931;0,4686083;2,133177;159143832,5503
72057594037929377;-0,8067122;0,4704621;2,127171;159143865,5504
72057594037929377;-0,826833;0,4730697;2,121589;159143898,5851
72057594037929377;-0,8468633;0,4719572;2,102578;159143932,4876
72057594037929377;-0,8584808;0,4733839;2,093708;159143965,4963
72057594037929377;-0,8686935;0,4766688;2,082978;159143998,6564
72057594037929377;-0,8879409;0,4769348;2,069717;159144032,6028
72057594037929377;-0,8965876;0,4783528;2,060869;159144065,5018
72057594037929377;-0,9061007;0,4804646;2,046606;159144098,5685
72057594037929377;-0,9139717;0,4803248;2,031428;159144132,5346
72057594037929377;-0,9206465;0,4799733;2,015392;159144165,5083
72057594037929377;-0,9272083;0,4786947;1,99571;159144198,6718
72057594037929377;-0,9305825;0,4768581;1,974631;159144232,498
72057594037929377;-0,9330739;0,4757269;1,955293;159144265,51
72057594037929377;-0,9351476;0,4745301;1,931568;159144298,5703
72057594037929377;-0,934567;0,4737808;1,905117;159144332,5019
72057594037929377;-0,9330413;0,4744613;1,882432;159144365,5967
72057594037929377;-0,9299002;0,4749319;1,855426;159144398,5682
72057594037929377;-0,9259675;0,4777144;1,829402;159144432,5181
72057594037929377;-0,919288;0,4805389;1,803378;159144465,6663
72057594037929377;-0,9130562;0,483168;1,775215;159144498,5649
72057594037929377;-0,9080827;0,4842167;1,75588;159144532,5711
72057594037929377;-0,9010023;0,485285;1,730582;159144565,5494
72057594037929377;-0,8963936;0,4875274;1,709762;159144598,6438
72057594037929377;-0,8921227;0,4896749;1,689092;159144632,5395
72057594037929377;-0,8898911;0,4914217;1,67043;159144665,5008
72057594037929377;-0,8881444;0,4943601;1,650273;159144698,5799
72057594037929377;-0,8867352;0,4955509;1,631874;159144732,4999
72057594037929377;-0,884573;0,4975218;1,609026;159144765,5316
72057594037929377;-0,8817618;0,4985253;1,588118;159144798,5923
72057594037929377;-0,8776762;0,5016236;1,566337;159144832,5422
72057594037929377;-0,8730748;0,5021881;1,541971;159144865,5269
72057594037929377;-0,8693909;0,5025312;1,519187;159144898,5889
72057594037929377;-0,8642321;0,50049;1,491968;159144932,5431
72057594037929377;-0,8597214;0,4998007;1,472109;159144965,6755
72057594037929377;-0,8550695;0,4968274;1,444208;159144998,5676
72057594037929377;-0,8529286;0,4936375;1,425293;159145032,5943
72057594037929377;-0,848856;0,4932956;1,40068;159145065,6678
72057594037929377;-0,8433295;0,4957657;1,377391;159145098,5702
72057594037929377;-0,8384834;0,4997454;1,355837;159145132,5035
72057594037929377;-0,832845;0,5028119;1,33619;159145165,5181
72057594037929377;-0,8253814;0,5052075;1,315869;159145198,604
72057594037929377;-0,8170548;0,5070431;1,297561;159145232,5347
72057594037929377;-0,8075887;0,5080306;1,28199;159145265,6585
72057594037929377;-0,7969723;0,5088832;1,265867;159145298,5754
72057594037929377;-0,786605;0,5099205;1,249211;159145332,5104
72057594037929377;-0,7758695;0,5110111;1,233306;159145365,5058
72057594037929377;-0,764423;0,5126331;1,215837;159145398,7436
72057594037929377;-0,7512957;0,513377;1,197068;159145432,5437
72057594037929377;-0,7394803;0,5153917;1,178735;159145465,5873
72057594037929377;-0,7263613;0,517012;1,161086;159145498,5828
72057594037929377;-0,7134923;0,5177962;1,146738;159145532,5348
72057594037929377;-0,6995524;0,5166423;1,132202;159145565,6672
72057594037929377;-0,6847266;0,5131847;1,1154;159145598,5636
72057594037929377;-0,6712669;0,509257;1,101014;159145632,679
72057594037929377;-0,6564264;0,5027884;1,087585;159145665,5072
72057594037929377;-0,6395797;0,4967637;1,075952;159145698,5718
72057594037929377;-0,621393;0,4910395;1,063662;159145732,5191
72057594037929377;-0,6006195;0,4857924;1,052039;159145765,5248
72057594037929377;-0,5786123;0,4848986;1,042695;159145798,565
72057594037929377;-0,5571578;0,4897147;1,031115;159145832,5311
72057594037929377;-0,5333746;0,4955024;1,022626;159145865,6946
72057594037929377;-0,5108325;0,501932;1,013204;159145898,5684
72057594037929377;-0,4866347;0,5056757;1,003366;159145932,5618
72057594037929377;-0,4617265;0,5081534;0,9949406;159145965,5048
72057594037929377;-0,438911;0,5104762;0,9877838;159145998,5787
72057594037929377;-0,4163598;0,5099371;0,9818323;159146032,4936
72057594037929377;-0,3925563;0,5077406;0,9778835;159146065,5279
72057594037929377;-0,3764416;0,5092862;0,9726309;159146098,6005
72057594037929377;-0,356982;0,5082766;0,9668344;159146132,518
72057594037929377;-0,332897;0,5081851;0,9616404;159146165,5023
72057594037929377;-0,3110576;0,5080337;0,9542661;159146198,572
72057594037929377;-0,2863535;0,5051001;0,945771;159146232,5487
72057594037929377;-0,2505266;0,4896699;0,9360615;159146265,583
72057594037929377;-0,2324421;0,4919688;0,9321731;159146298,5942
72057594037929377;-0,2048913;0,4818517;0,9232427;159146332,5262
72057594037929377;-0,182298;0,4752192;0,91488;159146365,5058
72057594037929377;-0,1593052;0,4679619;0,9064323;159146398,5682
72057594037929377;-0,1384395;0,4599844;0,896571;159146432,5343
72057594037929377;-0,1183797;0,4538972;0,8881224;159146465,5007
72057594037929377;-0,09610879;0,4475303;0,8748852;159146498,5636
72057594037929377;-0,07385334;0,4497611;0,8652521;159146532,528
72057594037929377;-0,04423542;0,4535199;0,8553891;159146565,4982
72057594037929377;-0,02560396;0,4513946;0,8434005;159146598,5713
72057594037929377;-0,009758492;0,4475619;0,8301505;159146632,6586
72057594037929377;0,01062588;0,4459503;0,8227248;159146665,5452
72057594037929377;0,07695082;0,4517908;0,8371084;159146698,5675
72057594037929377;0,09523065;0,4511235;0,8416128;159146732,5046
72057594037929377;0,115263;0,4526363;0,8412184;159146765,5205
72057594037929377;0,1285457;0,450885;0,8373566;159146798,5722
72057594037929377;0,1514993;0,4537663;0,8293785;159146832,5166
72057594037929377;0,1716118;0,4616437;0,8258559;159146865,5043
72057594037929377;0,1826718;0,444494;0,8170286;159146898,6205
72057594037929377;0,195533;0,4534674;0,818588;159146932,5004
72057594037929377;0,2203819;0,439629;0,8222634;159146965,5018
72057594037929377;0,2220666;0,4393941;0,8214887;159146998,5753
72057594037929377;0,2219231;0,4391481;0,820664;159147032,5115
72057594037929377;0,2282201;0,4384666;0,8236405;159147065,5402
72057594037929377;0,2495346;0,4378141;0,8347574;159147098,5963
72057594037929377;0,2617827;0,4340921;0,8455442;159147132,5359
72057594037929377;0,2731994;0,4737613;0,8274783;159147165,5155
72057594037929377;0,2603503;0,4928958;0,8140975;159147198,5681
72057594037929377;0,2926651;0,4843706;0,8217607;159147232,5312
72057594037929377;0,3111486;0,4865921;0,8347465;159147265,5476
72057594037929377;0,3387636;0,4871435;0,8517559;159147298,77
72057594037929377;0,3555469;0,4897326;0,8609406;159147332,5027
72057594037929377;0,3756518;0,4928946;0,8724169;159147365,5084
72057594037929377;0,3921547;0,4954129;0,8821221;159147398,5733
72057594037929377;0,4058256;0,4985495;0,8938905;159147432,5215
72057594037929377;0,4123339;0,5038995;0,905245;159147465,5327
72057594037929377;0,419129;0,5077216;0,9200619;159147498,564
72057594037929377;0,4234635;0,510228;0,9340634;159147532,6944
72057594037929377;0,427259;0,5111451;0,9501255;159147565,5311
72057594037929377;0,431815;0,5113596;0,9692541;159147598,5628
72057594037929377;0,4347889;0,5118529;0,9873817;159147632,5097
72057594037929377;0,4359953;0,5129601;1,008344;159147665,5222
72057594037929377;0,4358791;0,5118976;1,026798;159147698,6016
72057594037929377;0,4347193;0,5081477;1,048483;159147732,5344
72057594037929377;0,4343185;0,5066612;1,067805;159147765,5004
72057594037929377;0,4332784;0,5063976;1,086597;159147798,5654
72057594037929377;0,4324447;0,5086496;1,104474;159147832,5127
72057594037929377;0,4311385;0,5095326;1,121788;159147865,4937
72057594037929377;0,4292045;0,5084041;1,139973;159147898,6034
72057594037929377;0,4280121;0,5026401;1,16045;159147932,5542
72057594037929377;0,4284621;0,496355;1,183708;159147965,5082
72057594037929377;0,429468;0,4915893;1,20456;159147998,5638
72057594037929377;0,4319494;0,4896471;1,227248;159148032,5073
72057594037929377;0,4349922;0,4905119;1,248882;159148065,5189
72057594037929377;0,4380324;0,4938178;1,272185;159148098,5566
72057594037929377;0,4439752;0,498201;1,295904;159148132,4949
72057594037929377;0,4501334;0,5027189;1,317043;159148165,5339
72057594037929377;0,4575368;0,5074869;1,339642;159148198,5818
72057594037929377;0,4645859;0,5113583;1,359042;159148232,5176
72057594037929377;0,4725385;0,5138152;1,380496;159148265,5139
72057594037929377;0,4807334;0,515266;1,400941;159148298,5707
72057594037929377;0,4860162;0,5167969;1,419169;159148332,4903
72057594037929377;0,4929325;0,5180895;1,437729;159148365,6795
72057594037929377;0,4996593;0,5187623;1,454695;159148398,5657
72057594037929377;0,507367;0,5193311;1,471122;159148432,5382
72057594037929377;0,514999;0,5189526;1,486281;159148465,5246
72057594037929377;0,5239242;0,5171347;1,500996;159148498,6395
72057594037929377;0,5335972;0,5131648;1,51615;159148532,554
72057594037929377;0,5414621;0,508528;1,52877;159148565,6962
72057594037929377;0,5507213;0,5018659;1,542294;159148598,6003
72057594037929377;0,5616927;0,4939521;1,555085;159148632,5203
72057594037929377;0,5730445;0,4856135;1,566876;159148665,5542
72057594037929377;0,5838975;0,4786675;1,577197;159148698,5684
72057594037929377;0,5958193;0,4724679;1,588721;159148732,5647
72057594037929377;0,6065821;0,4704884;1,600749;159148765,4979
72057594037929377;0,6164085;0,4701304;1,613752;159148798,5889
72057594037929377;0,6244531;0,4716078;1,631069;159148832,5699
72057594037929377;0,6297215;0,4733064;1,648529;159148865,5743
72057594037929377;0,6325758;0,4755518;1,670636;159148898,5783
72057594037929377;0,634452;0,4779417;1,689016;159148932,4906
72057594037929377;0,6354733;0,4791636;1,710716;159148965,5061
72057594037929377;0,6337959;0,4785909;1,733718;159148998,6436
72057594037929377;0,6313584;0,4783083;1,754501;159149032,5747
72057594037929377;0,6292437;0,4785213;1,77523;159149065,5373
72057594037929377;0,6265317;0,478751;1,796674;159149098,6184
72057594037929377;0,6226916;0,479335;1,819292;159149132,5611
72057594037929377;0,6185122;0,478652;1,837822;159149165,5266
72057594037929377;0,6131249;0,4777719;1,859319;159149198,6215
72057594037929377;0,606759;0,4746396;1,879748;159149232,5603
72057594037929377;0,6001418;0,4717157;1,900091;159149265,5113
72057594037929377;0,5931523;0,4665965;1,920817;159149298,5844
72057594037929377;0,5825975;0,4602349;1,939146;159149332,6307
72057594037929377;0,5728874;0,4536704;1,957361;159149365,5536
72057594037929377;0,5646859;0,4489023;1,97305;159149398,6301
72057594037929377;0,555386;0,4429742;1,994083;159149432,4981
72057594037929377;0,5489222;0,4405434;2,011421;159149465,5033
72057594037929377;0,5425615;0,4391429;2,031383;159149498,5683
72057594037929377;0,5396632;0,4407392;2,052229;159149532,5318
72057594037929377;0,5388054;0,4446056;2,072302;159149565,5268
72057594037929377;0,5397168;0,4479067;2,092323;159149598,6063
72057594037929377;0,5411775;0,4513917;2,11187;159149632,5395
72057594037929377;0,5429708;0,4537298;2,132559;159149665,5068
72057594037929377;0,5456752;0,4543685;2,149534;159149698,5679
72057594037929377;0,5508112;0,4549987;2,1677;159149732,5268
72057594037929377;0,5544459;0,455358;2,18605;159149765,529
72057594037929377;0,5588254;0,4556132;2,202588;159149798,6162
72057594037929377;0,5642262;0,4549962;2,22408;159149832,5021
72057594037929377;0,5692143;0,4561205;2,239866;159149865,5073
72057594037929377;0,5766827;0,4557344;2,257167;159149898,5629
72057594037929377;0,5826475;0,454516;2,275481;159149932,5409
72057594037929377;0,5902361;0,4540835;2,294501;159149965,6695
72057594037929377;0,5991184;0,4511279;2,311452;159149998,6538
72057594037929377;0,607326;0,4480663;2,325075;159150032,5819
72057594037929377;0,6167157;0,4426363;2,34321;159150065,5104
72057594037929377;0,625434;0,4377361;2,355184;159150098,5736
72057594037929377;0,6387081;0,4322952;2,369141;159150132,4949
72057594037929377;0,6487001;0,4298313;2,379257;159150165,5006
72057594037929377;0,6599739;0,4285917;2,391636;159150198,5976
72057594037929377;0,6679921;0,4292211;2,400245;159150232,678
72057594037929377;0,6761464;0,4302005;2,411898;159150265,5045
72057594037929377;0,6813053;0,430946;2,422601;159150298,5592
72057594037929377;0,6868174;0,432171;2,433458;159150332,5377
72057594037929377;0,6919059;0,4327232;2,447586;159150365,5229
72057594037929377;0,6949973;0,4324789;2,45806;159150398,8161
72057594037929377;0,6978663;0,4319654;2,470551;159150432,6837
72057594037929377;0,7000332;0,4311186;2,482222;159150465,5165
72057594037929377;0,7000924;0,4296727;2,492057;159150498,5811
72057594037929377;0,6994801;0,4300985;2,502687;159150532,5263
72057594037929377;0,6988844;0,4306301;2,512584;159150565,6962
72057594037929377;0,6984607;0,4312788;2,524208;159150598,5734
72057594037929377;0,6981159;0,4317129;2,533292;159150632,6274
72057594037929377;0,6959158;0,4320628;2,543211;159150665,5405
72057594037929377;0,6922232;0,4307978;2,556095;159150698,5735
72057594037929377;0,6894702;0,43007;2,564422;159150732,5332
72057594037929377;0,6872777;0,4301007;2,572244;159150765,5077
72057594037929377;0,6840343;0,4306254;2,582737;159150798,6059
72057594037929377;0,6786898;0,4288998;2,591878;159150832,4987
72057594037929377;0,6731173;0,4285856;2,600821;159150865,5077
72057594037929377;0,6674101;0,4287941;2,609079;159150898,5637
72057594037929377;0,661203;0,4293732;2,618647;159150932,6779
72057594037929377;0,6512429;0,427484;2,63133;159150965,5022
72057594037929377;0,6434683;0,4262909;2,641092;159150998,7336
72057594037929377;0,634908;0,4254708;2,650499;159151032,5418
72057594037929377;0,6260701;0,4252352;2,658991;159151065,5693
72057594037929377;0,6115742;0,425043;2,672491;159151098,5766
72057594037929377;0,600908;0,4236102;2,682111;159151132,6882
72057594037929377;0,5953395;0,4239463;2,687812;159151165,5313
72057594037929377;0,5845665;0,424198;2,698469;159151198,6027
72057594037929377;0,574802;0,4233588;2,708256;159151232,5078
72057594037929377;0,5695602;0,4227152;2,712219;159151265,5083
72057594037929377;0,5615522;0,4224046;2,718994;159151298,6083
72057594037929377;0,5527171;0,4181715;2,730393;159151332,5539
72057594037929377;0,5498524;0,417205;2,733887;159151365,6761
72057594037929377;0,5461392;0,4176643;2,737815;159151398,6446
72057594037929377;0,5413913;0,4164024;2,743614;159151432,5347
72057594037929377;0,5384219;0,4163731;2,746173;159151465,5835
72057594037929377;0,5361172;0,4164797;2,748657;159151498,5947
72057594037929377;0,5330492;0,4174906;2,7506;159151532,5685
72057594037929377;0,5296778;0,4182355;2,752306;159151565,6736
72057594037929377;0,5248477;0,4175697;2,754411;159151598,7343
72057594037929377;0,5198604;0,4176518;2,754596;159151632,6714
72057594037929377;0,5159318;0,4180315;2,75362;159151665,6719
72057594037929377;0,5122697;0,4179196;2,751816;159151698,5679
72057594037929377;0,5076494;0,4179985;2,74943;159151732,5071
72057594037929377;0,504278;0,4178669;2,746067;159151765,5128
72057594037929377;0,5003528;0,4174228;2,741383;159151798,6746
72057594037929377;0,4949765;0,4192924;2,732426;159151832,5528
72057594037929377;0,4929616;0,4191877;2,726709;159151865,5116
72057594037929377;0,4911734;0,4182906;2,720265;159151898,5637
72057594037929377;0,4904146;0,4188063;2,708874;159151932,5089
72057594037929377;0,4897334;0,4174296;2,698887;159151965,6806
72057594037929377;0,4896206;0,4174467;2,688314;159151998,6013
72057594037929377;0,4903431;0,4197236;2,674482;159152032,5278
72057594037929377;0,4902703;0,4208314;2,66091;159152065,5321
72057594037929377;0,4920915;0,4220539;2,649019;159152098,5685
72057594037929377;0,4934218;0,4254647;2,638678;159152132,5039
72057594037929377;0,4945837;0,4283897;2,624335;159152165,5155
72057594037929377;0,4968471;0,4292068;2,612663;159152198,5617
72057594037929377;0,4989187;0,4293137;2,605088;159152232,5056
72057594037929377;0,5001577;0,4295936;2,59503;159152265,5574
72057594037929377;0,4998048;0,4307428;2,586044;159152298,5776
72057594037929377;0,4998487;0,4317994;2,577214;159152332,5129
72057594037929377;0,4982569;0,4327372;2,571176;159152365,7264
72057594037929377;0,4970556;0,4328322;2,567147;159152398,5652
72057594037929377;0,494576;0,4332799;2,560479;159152432,6674
72057594037929377;0,4923;0,4329251;2,557472;159152465,508
72057594037929377;0,48977;0,433468;2,553545;159152498,5742
72057594037929377;0,4864831;0,4330939;2,551007;159152532,5292
72057594037929377;0,4836463;0,4332131;2,549416;159152565,5187
72057594037929377;0,4778633;0,4333491;2,546741;159152598,5777
72057594037929377;0,4734195;0,4332683;2,546168;159152632,5139
72057594037929377;0,4662347;0,4328564;2,54714;159152665,5456
72057594037929377;0,4592279;0,4323739;2,547401;159152698,5777
72057594037929377;0,4532617;0,4312486;2,548586;159152732,5191
72057594037929377;0,4470829;0,4308179;2,551949;159152765,5324
72057594037929377;0,4420316;0,4310739;2,553815;159152798,5889
72057594037929377;0,4345359;0,4306757;2,556943;159152832,5238
72057594037929377;0,4273217;0,4300044;2,56126;159152865,5274
72057594037929377;0,4208027;0,4293689;2,56524;159152898,5928
72057594037929377;0,4163016;0,4294458;2,568258;159152932,5452
72057594037929377;0,4107122;0,4276491;2,572922;159152965,5824
72057594037929377;0,4070998;0,4282213;2,57578;159152998,641
72057594037929377;0,4002709;0,4270585;2,580458;159153032,5666
72057594037929377;0,3971789;0,4264291;2,582952;159153065,5799
72057594037929377;0,3941412;0,4254182;2,585626;159153098,6492
72057594037929377;0,3920223;0,4251575;2,588053;159153132,5491
72057594037929377;0,3889611;0,4249463;2,590288;159153165,5215
72057594037929377;0,3870423;0,4252083;2,59274;159153198,5707
72057594037929377;0,3860751;0,4253814;2,59506;159153232,5522
72057594037929377;0,3836337;0,4249458;2,597403;159153265,551
72057594037929377;0,3818935;0,424945;2,599706;159153298,572
72057594037929377;0,3795962;0,4252008;2,602084;159153332,5061
72057594037929377;0,3780884;0,425159;2,604765;159153365,5301
72057594037929472;-0,247709;0,5755743;2,045797;159153365,5301
72057594037929377;0,3767773;0,4254347;2,606763;159153398,578
72057594037929472;-0,2472616;0,5755262;2,04698;159153398,578
72057594037929377;0,3752293;0,4256053;2,60917;159153432,5219
72057594037929472;-0,245712;0,5757984;2,050975;159153432,5219
72057594037929377;0,373953;0,4254978;2,611324;159153465,5084
72057594037929472;-0,2440775;0,5763197;2,058781;159153465,5084
72057594037929377;0,3723707;0,425689;2,614269;159153498,5653
72057594037929472;-0,2435831;0,5767243;2,067783;159153498,5653
72057594037929377;0,3702255;0,4256159;2,618297;159153532,5391
72057594037929472;-0,2432491;0,5766375;2,075232;159153532,5391
72057594037929377;0,3690291;0,4250705;2,620717;159153565,5055
72057594037929472;-0,2440647;0,5767611;2,081047;159153565,5055
72057594037929377;0,3675175;0,4249682;2,623409;159153598,5709
72057594037929472;-0,245398;0,5768311;2,087112;159153598,5709
72057594037929377;0,3663939;0,4250378;2,62569;159153632,5835
72057594037929472;-0,2472396;0,57713;2,092674;159153632,5835
72057594037929377;0,3647506;0,4249982;2,628398;159153665,5021
72057594037929472;-0,2497986;0,5770314;2,09901;159153665,5021
72057594037929377;0,3635141;0,4250259;2,630685;159153698,5957
72057594037929472;-0,252351;0,5769857;2,102984;159153698,5957
72057594037929377;0,362753;0,4251645;2,632366;159153732,6697
72057594037929472;-0,2553548;0,5772605;2,106694;159153732,6697
72057594037929377;0,3607103;0,4249543;2,634915;159153765,5009
72057594037929472;-0,2583078;0,5775933;2,109913;159153765,5009
72057594037929377;0,3591908;0,4247076;2,637438;159153798,5833
72057594037929472;-0,2618675;0,5782089;2,112523;159153798,5833
72057594037929377;0,3582575;0,424611;2,638909;159153832,5068
72057594037929472;-0,2667895;0,5788667;2,115448;159153832,5068
72057594037929377;0,3574663;0,4245768;2,640479;159153865,5077
72057594037929472;-0,2708702;0,5792611;2,117043;159153865,5077
72057594037929377;0,3568197;0,4249676;2,641595;159153898,5659
72057594037929472;-0,2756605;0,5793312;2,117803;159153898,5659
72057594037929377;0,3564724;0,4249807;2,642818;159153932,4995
72057594037929472;-0,2807752;0,5792185;2,118668;159153932,4995
72057594037929377;0,356397;0,424904;2,644238;159153965,5052
72057594037929472;-0,2853769;0,5789225;2,1191;159153965,5052
72057594037929377;0,3566472;0,4245606;2,645288;159153998,5787
72057594037929472;-0,2893378;0,5785868;2,11967;159153998,5787
72057594037929377;0,3566106;0,4246478;2,64579;159154032,5017
72057594037929472;-0,2934181;0,5784117;2,120231;159154032,5017
72057594037929377;0,3566274;0,4245797;2,646195;159154065,5006
72057594037929472;-0,297369;0,5785714;2,12063;159154065,5006
72057594037929377;0,356438;0,4244497;2,646744;159154098,5651
72057594037929472;-0,3000834;0,5781487;2,120557;159154098,5651
72057594037929377;0,3565768;0,4244288;2,647357;159154132,5001
72057594037929472;-0,3034773;0,5781665;2,121108;159154132,5001
72057594037929377;0,3565637;0,4244066;2,64766;159154165,5126
72057594037929472;-0,3059285;0,577968;2,120615;159154165,5126
72057594037929377;0,356672;0,4244545;2,647746;159154198,5694
72057594037929472;-0,3078904;0,5775127;2,119752;159154198,5694
72057594037929377;0,3566752;0,4244556;2,647753;159154232,5061
72057594037929472;-0,3102522;0,5764662;2,118099;159154232,5061
72057594037929377;0,3566097;0,4244093;2,647896;159154265,5177
72057594037929472;-0,3128493;0,5753247;2,116425;159154265,5177
72057594037929377;0,3566223;0,4243375;2,648129;159154298,5865
72057594037929472;-0,3160221;0,5739096;2,113843;159154298,5865
72057594037929377;0,3566205;0,4243454;2,648157;159154332,5048
72057594037929472;-0,3203308;0,5727025;2,110638;159154332,5048
72057594037929377;0,3566612;0,4242188;2,648054;159154365,4981
72057594037929472;-0,3270778;0,5705691;2,105956;159154365,4981
72057594037929377;0,3566907;0,4242219;2,64799;159154398,5768
72057594037929472;-0,3348909;0,5692977;2,103348;159154398,5768
72057594037929377;0,356706;0,4241453;2,647838;159154432,519
72057594037929472;-0,3467503;0,5683655;2,100435;159154432,519
72057594037929377;0,3565351;0,4240771;2,647416;159154465,499
72057594037929472;-0,3590623;0,5678771;2,097136;159154465,499
72057594037929377;0,3565792;0,4241496;2,646453;159154498,5678
72057594037929472;-0,374106;0,5663425;2,094151;159154498,5678
72057594037929377;0,3565933;0,4241047;2,645953;159154532,5028
72057594037929472;-0,3890132;0,5649455;2,090294;159154532,5028
72057594037929377;0,3564058;0,4239626;2,644181;159154565,4999
72057594037929472;-0,4085586;0,5634251;2,086387;159154565,4999
72057594037929377;0,3565359;0,4239878;2,643728;159154598,5786
72057594037929472;-0,4286256;0,5631118;2,084393;159154598,5786
72057594037929377;0,3565718;0,4238223;2,642397;159154632,5028
72057594037929472;-0,4502603;0,5611592;2,078967;159154632,5028
72057594037929377;0,3565416;0,4238306;2,641188;159154665,4936
72057594037929472;-0,4753644;0,5596753;2,07572;159154665,4936
72057594037929377;0,3568701;0,4239294;2,6397;159154698,5739
72057594037929472;-0,4981093;0,5576874;2,07198;159154698,5739
72057594037929377;0,3569003;0,4239017;2,638082;159154732,4982
72057594037929472;-0,5233958;0,5558803;2,066985;159154732,4982
72057594037929377;0,3568852;0,424151;2,637453;159154765,5201
72057594037929472;-0,5492302;0,554391;2,062806;159154765,5201
72057594037929377;0,3568692;0,4242656;2,635933;159154798,571
72057594037929472;-0,5751787;0,5537534;2,056755;159154798,571
72057594037929377;0,356974;0,4245;2,635127;159154832,5016
72057594037929472;-0,6026344;0,5527828;2,051085;159154832,5016
72057594037929377;0,3568794;0,4248386;2,633698;159154865,4979
72057594037929472;-0,6238275;0,5528705;2,045694;159154865,4979
72057594037929377;0,3568244;0,4248359;2,632992;159154898,5629
72057594037929472;-0,6479574;0,555025;2,038937;159154898,5629
72057594037929377;0,3565454;0,4246653;2,631625;159154932,4995
72057594037929472;-0,6659661;0,5563841;2,032766;159154932,4995
72057594037929377;0,3564483;0,4244517;2,630397;159154965,5146
72057594037929472;-0,6858181;0,5598025;2,024184;159154965,5146
72057594037929377;0,3564428;0,4244552;2,630342;159154998,5676
72057594037929472;-0,7020347;0,5631968;2,019874;159154998,5676
72057594037929377;0,3565211;0,4247303;2,629196;159155032,5056
72057594037929472;-0,7165717;0,5668203;2,012937;159155032,5056
72057594037929377;0,3565109;0,4249984;2,62836;159155065,6418
72057594037929472;-0,7293561;0,5716721;2,006416;159155065,6418
72057594037929377;0,3566552;0,4251657;2,627498;159155098,5719
72057594037929472;-0,7404011;0,5754894;1,999986;159155098,5719
72057594037929377;0,3565215;0,4250594;2,627043;159155132,5026
72057594037929472;-0,7494411;0,5783412;1,992337;159155132,5026
72057594037929377;0,3563656;0,4250751;2,626668;159155165,5079
72057594037929472;-0,7578123;0,5813856;1,984897;159155165,5079
72057594037929377;0,3561782;0,4251568;2,62598;159155198,5681
72057594037929472;-0,7652722;0,5835007;1,975212;159155198,5681
72057594037929377;0,3558185;0,4251525;2,625552;159155232,495
72057594037929472;-0,7701162;0,5849693;1,965113;159155232,495
72057594037929377;0,3549374;0,4248701;2,624445;159155265,4977
72057594037929472;-0,7740733;0,5853126;1,95545;159155265,4977
72057594037929377;0,3542971;0,4248925;2,623464;159155298,5853
72057594037929472;-0,7771715;0,5853361;1,944526;159155298,5853
72057594037929377;0,3534837;0,4254217;2,622591;159155332,5373
72057594037929472;-0,7784639;0,5840669;1,932935;159155332,5373
72057594037929377;0,3523234;0,4254438;2,621415;159155365,5097
72057594037929472;-0,7773579;0,5823209;1,92056;159155365,5097
72057594037929377;0,3508995;0,4257223;2,620427;159155398,5635
72057594037929472;-0,7745997;0,5801151;1,908429;159155398,5635
72057594037929377;0,3492433;0,425689;2,619807;159155432,5232
72057594037929472;-0,7710489;0,5782865;1,895578;159155432,5232
72057594037929377;0,348213;0,4257235;2,619407;159155465,5263
72057594037929472;-0,7659486;0,5764718;1,883772;159155465,5263
72057594037929377;0,3466088;0,4256233;2,619171;159155498,5734
72057594037929472;-0,7603726;0,5755292;1,871057;159155498,5734
72057594037929377;0,3443196;0,4255245;2,61915;159155532,5049
72057594037929472;-0,7551038;0,5747041;1,860144;159155532,5049
72057594037929377;0,3424628;0,4256834;2,618358;159155565,4974
72057594037929472;-0,7501247;0,5754009;1,849032;159155565,4974
72057594037929377;0,3402552;0,4261073;2,618099;159155598,5709
72057594037929472;-0,7461265;0,5767888;1,838828;159155598,5709
72057594037929377;0,3384396;0,4264706;2,617532;159155632,5306
72057594037929472;-0,7413363;0,5787413;1,82699;159155632,5306
72057594037929377;0,3368353;0,4266232;2,617461;159155665,5576
72057594037929472;-0,7374589;0,5825718;1,816738;159155665,5576
72057594037929377;0,3319571;0,4263954;2,619225;159155698,7104
72057594037929472;-0,733922;0,5869272;1,805531;159155698,7104
72057594037929377;0,3302241;0,4263773;2,619567;159155732,502
72057594037929472;-0,7307938;0,5913413;1,79382;159155732,502
72057594037929377;0,3264468;0,4262484;2,620526;159155765,5038
72057594037929472;-0,7290068;0,5933084;1,783545;159155765,5038
72057594037929377;0,3229529;0,4265593;2,621194;159155798,5688
72057594037929472;-0,7275462;0,595378;1,770915;159155798,5688
72057594037929377;0,3204335;0,4263841;2,621839;159155832,5055
72057594037929472;-0,726551;0,5950841;1,757225;159155832,5055
72057594037929377;0,3167803;0,4264235;2,622981;159155865,5214
72057594037929472;-0,7266123;0,5955765;1,744422;159155865,5214
72057594037929377;0,3126448;0,4261871;2,624756;159155898,5727
72057594037929472;-0,7271173;0,5935706;1,729347;159155898,5727
72057594037929377;0,3098262;0,4257551;2,626313;159155932,5072
72057594037929472;-0,728748;0,5921231;1,715036;159155932,5072
72057594037929377;0,3056138;0,4257842;2,628302;159155965,5897
72057594037929472;-0,7314321;0,5885496;1,698661;159155965,5897
72057594037929377;0,3004422;0,4246219;2,632044;159155998,5966
72057594037929472;-0,7346638;0,5853838;1,685337;159155998,5966
72057594037929377;0,2972368;0,424003;2,634191;159156032,509
72057594037929472;-0,737412;0,5811578;1,671332;159156032,509
72057594037929377;0,2941317;0,4240076;2,635933;159156065,5065
72057594037929472;-0,7404175;0,5770921;1,658394;159156065,5065
72057594037929377;0,2904935;0,4241879;2,637873;159156098,5655
72057594037929472;-0,7425923;0,5750777;1,645999;159156098,5655
72057594037929377;0,2843774;0,4239285;2,641122;159156132,5325
72057594037929472;-0,7441858;0,5743197;1,633777;159156132,5325
72057594037929377;0,2816063;0,4238423;2,643068;159156165,5241
72057594037929472;-0,7455784;0,5754;1,622297;159156165,5241
72057594037929377;0,2773259;0,4231887;2,646951;159156198,5818
72057594037929472;-0,7452013;0,5775005;1,612545;159156198,5818
72057594037929377;0,273979;0,4228338;2,650138;159156232,5112
72057594037929472;-0,7433908;0,5810046;1,602196;159156232,5112
72057594037929377;0,2700596;0,4222615;2,653039;159156265,519
72057594037929472;-0,7401902;0,584092;1,59357;159156265,519
72057594037929377;0,2665799;0,4222878;2,656588;159156298,5814
72057594037929472;-0,7348959;0,5859889;1,583618;159156298,5814
72057594037929377;0,2646089;0,4218335;2,658394;159156332,5283
72057594037929472;-0,7286588;0,5879372;1,5759;159156332,5283
72057594037929377;0,2616999;0,4220473;2,661573;159156365,4977
72057594037929472;-0,7198645;0,5886111;1,567406;159156365,4977
72057594037929377;0,2586542;0,4214401;2,665565;159156398,5618
72057594037929472;-0,710424;0,5890257;1,561301;159156398,5618
72057594037929377;0,2546925;0,4202863;2,669875;159156432,5958
72057594037929472;-0,6972414;0,5892559;1,555161;159156432,5958
72057594037929377;0,2512733;0,419596;2,674743;159156465,5067
72057594037929472;-0,6836478;0,587823;1,550668;159156465,5067
72057594037929377;0,2483888;0,4195445;2,677663;159156498,5781
72057594037929472;-0,6650575;0,5857637;1,545761;159156498,5781
72057594037929377;0,2463022;0,4192397;2,679658;159156532,5412
72057594037929472;-0,6469715;0,5835538;1,54329;159156532,5412
72057594037929377;0,244713;0,4191864;2,681787;159156565,5473
72057594037929472;-0,626184;0,5810703;1,5419;159156565,5473
72057594037929377;0,2418293;0,418853;2,685451;159156598,596
72057594037929472;-0,6035184;0,5788896;1,540398;159156598,596
72057594037929377;0,2406404;0,4189927;2,686622;159156632,5502
72057594037929472;-0,5804414;0,574783;1,540591;159156632,5502
72057594037929377;0,237192;0,4181349;2,689721;159156665,5567
72057594037929472;-0,5533032;0,5730601;1,5414;159156665,5567
72057594037929377;0,2342638;0,4175365;2,691896;159156732,5408
72057594037929472;-0,4910347;0,5698525;1,543252;159156732,5408
72057594037929377;0,233105;0,4180971;2,69347;159156765,5051
72057594037929472;-0,478889;0,5697989;1,543947;159156765,5051
72057594037929377;0,2322351;0,4184077;2,6943;159156798,5931
72057594037929472;-0,4526637;0,5705634;1,546142;159156798,5931
72057594037929377;0,2301243;0,4184686;2,695491;159156832,5166
72057594037929472;-0,4321909;0,57164;1,54754;159156832,5166
72057594037929377;0,2297465;0,4185936;2,695824;159156865,5056
72057594037929472;-0,4113041;0,573401;1,549803;159156865,5056
72057594037929377;0,2289267;0,4186067;2,696373;159156898,5697
72057594037929472;-0,3932743;0,5769801;1,550399;159156898,5697
72057594037929377;0,2286148;0,4189174;2,696233;159156932,5042
72057594037929472;-0,3772205;0,5802969;1,550993;159156932,5042
72057594037929377;0,2283746;0,4189825;2,696276;159156965,5082
72057594037929472;-0,3614703;0,5852624;1,5532;159156965,5082
72057594037929377;0,228332;0,4189973;2,696265;159156998,5753
72057594037929472;-0,3490044;0,5887601;1,554829;159156998,5753
72057594037929377;0,2282778;0,4188106;2,695996;159157032,5039
72057594037929472;-0,3383737;0,5917057;1,556286;159157032,5039
72057594037929377;0,2292156;0,4194519;2,694716;159157065,533
72057594037929472;-0,329401;0,5938336;1,557672;159157065,533
72057594037929377;0,2304938;0,4190798;2,69345;159157098,5805
72057594037929472;-0,3211028;0,5953431;1,558476;159157098,5805
72057594037929377;0,232831;0,4184829;2,691669;159157132,5214
72057594037929472;-0,3142623;0,5958909;1,559124;159157132,5214
72057594037929377;0,2366742;0,4180313;2,688744;159157165,507
72057594037929472;-0,3082889;0,5956967;1,559877;159157165,507
72057594037929377;0,2403479;0,4179204;2,685487;159157198,572
72057594037929472;-0,3038104;0,5950541;1,560169;159157198,572
72057594037929377;0,2446107;0,4186526;2,680853;159157232,518
72057594037929472;-0,2998513;0,5934077;1,560967;159157232,518
72057594037929377;0,249864;0,4213015;2,675055;159157265,5698
72057594037929472;-0,2963007;0,5917684;1,561936;159157265,5698
72057594037929377;0,2525051;0,422075;2,670264;159157298,5771
72057594037929472;-0,2933664;0,590895;1,562799;159157298,5771
72057594037929377;0,2594332;0,4232852;2,660895;159157332,5159
72057594037929472;-0,2909897;0,5906236;1,563935;159157332,5159
72057594037929377;0,2615021;0,4235602;2,654159;159157365,537
72057594037929472;-0,2880435;0,5913889;1,56617;159157365,537
72057594037929377;0,2632835;0,4238283;2,648073;159157398,5738
72057594037929472;-0,2849414;0,5920781;1,568195;159157398,5738
72057594037929377;0,2659292;0,4234855;2,640561;159157432,504
72057594037929472;-0,2814336;0,5935042;1,57125;159157432,504
72057594037929377;0,267258;0,4232727;2,634497;159157465,5297
72057594037929472;-0,2781064;0,5948607;1,574404;159157465,5297
72057594037929377;0,2673786;0,4230001;2,627284;159157498,5742
72057594037929472;-0,2755616;0,5954006;1,576998;159157498,5742
72057594037929377;0,2678974;0,4242469;2,620236;159157532,5301
72057594037929472;-0,2740504;0,5952322;1,578446;159157532,5301
72057594037929377;0,2674708;0,4250537;2,617424;159157565,5102
72057594037929472;-0,2726621;0,595151;1,581613;159157565,5102
72057594037929377;0,2645923;0,4252477;2,615387;159157598,5722
72057594037929472;-0,2721579;0,5951453;1,584041;159157598,5722
72057594037929377;0,2605868;0,4255479;2,612376;159157632,6825
72057594037929472;-0,2730296;0,5951851;1,58599;159157632,6825
72057594037929377;0,2567143;0,4262376;2,610128;159157665,5734
72057594037929472;-0,2762795;0,5958847;1,590888;159157665,5734
72057594037929377;0,2490397;0,4265227;2,608841;159157698,5794
72057594037929472;-0,2814584;0,5966193;1,59537;159157698,5794
72057594037929377;0,2432843;0,4257585;2,610144;159157732,7691
72057594037929472;-0,2906099;0,5979706;1,601652;159157732,7691
72057594037929377;0,2329047;0,4249234;2,610871;159157765,5201
72057594037929472;-0,3013423;0,5982897;1,605652;159157765,5201
72057594037929377;0,2253083;0,4252565;2,61197;159157798,5791
72057594037929472;-0,3151337;0,599068;1,611128;159157798,5791
72057594037929377;0,2158703;0,4245401;2,61445;159157832,5093
72057594037929472;-0,3304288;0,5987819;1,615859;159157832,5093
72057594037929377;0,2073451;0,4242162;2,615381;159157865,5018
72057594037929472;-0,3459097;0,5987165;1,619479;159157865,5018
72057594037929377;0,1964354;0,4238085;2,617841;159157898,5889
72057594037929472;-0,3657666;0,5976208;1,623007;159157898,5889
72057594037929377;0,1850402;0,4234656;2,619659;159157932,5098
72057594037929472;-0,3854162;0,5967897;1,625691;159157932,5098
72057594037929377;0,1765607;0,4241912;2,6197;159157965,5184
72057594037929472;-0,4070058;0,5955108;1,628179;159157965,5184
72057594037929377;0,1691783;0,4249811;2,619727;159157998,5736
72057594037929472;-0,4329685;0,5935953;1,630652;159157998,5736
72057594037929377;0,161305;0,4241476;2,620142;159158032,5107
72057594037929472;-0,4549606;0,5917886;1,63207;159158032,5107
72057594037929377;0,1571796;0,4245838;2,619206;159158065,5202
72057594037929472;-0,4792304;0,5892349;1,633372;159158065,5202
72057594037929377;0,1538846;0,4249367;2,618094;159158098,5869
72057594037929472;-0,5021314;0,587153;1,633213;159158098,5869
72057594037929377;0,1527424;0,4251621;2,617422;159158132,5231
72057594037929472;-0,5245087;0,5854867;1,633872;159158132,5231
72057594037929377;0,1527126;0,4257043;2,616224;159158165,501
72057594037929472;-0,5466679;0,5842845;1,634799;159158165,501
72057594037929377;0,1543398;0,4268891;2,612856;159158198,5686
72057594037929472;-0,5667476;0,5839272;1,636082;159158198,5686
72057594037929377;0,163494;0,4293363;2,606948;159158232,5086
72057594037929472;-0,5861819;0,5846204;1,638444;159158232,5086
72057594037929377;0,1752079;0,4302875;2,599907;159158265,516
72057594037929472;-0,6035466;0,5862742;1,640814;159158265,516
72057594037929377;0,1863655;0,430995;2,594215;159158298,6138
72057594037929472;-0,6193194;0,5894722;1,645513;159158298,6138
72057594037929377;0,2036941;0,4308527;2,58517;159158332,5138
72057594037929472;-0,6332881;0,5923362;1,649627;159158332,5138
72057594037929377;0,2274347;0,4301059;2,575638;159158365,5161
72057594037929472;-0,6474609;0,5946007;1,657345;159158365,5161
72057594037929377;0,2456537;0,429231;2,567631;159158398,5716
72057594037929472;-0,6606899;0,5972881;1,665115;159158398,5716
72057594037929377;0,2674827;0,4277039;2,560395;159158432,5049
72057594037929472;-0,6727138;0,5977607;1,674066;159158432,5049
72057594037929377;0,3011707;0,4324727;2,546494;159158465,4977
72057594037929472;-0,6844076;0,5976939;1,683411;159158465,4977
72057594037929377;0,3143117;0,4320948;2,544113;159158498,5636
72057594037929472;-0,6953288;0,5970327;1,695716;159158498,5636
72057594037929377;0,3408231;0,4320329;2,537375;159158532,5075
72057594037929472;-0,703582;0,5950823;1,705623;159158532,5075
72057594037929377;0,3674788;0,4334578;2,528156;159158565,5055
72057594037929472;-0,7131003;0,5935726;1,718092;159158565,5055
72057594037929377;0,3843765;0,434601;2,522108;159158598,5649
72057594037929472;-0,7206189;0,592285;1,729295;159158598,5649
72057594037929377;0,4053783;0,4349863;2,514085;159158632,5058
72057594037929472;-0,7272117;0,591231;1,741899;159158632,5058
72057594037929377;0,4230712;0,4352091;2,506711;159158665,5111
72057594037929472;-0,7332081;0,5901427;1,755822;159158665,5111
72057594037929377;0,4407618;0,4361751;2,498935;159158698,5739
72057594037929472;-0,7379358;0,5892776;1,768764;159158698,5739
72057594037929377;0,4563102;0,4379916;2,492677;159158732,514
72057594037929472;-0,7420627;0,5878751;1,782883;159158732,514
72057594037929377;0,470529;0,4400524;2,48563;159158765,5209
72057594037929472;-0,7442578;0,5858263;1,795902;159158765,5209
72057594037929377;0,4833162;0,441231;2,478383;159158798,5803
72057594037929472;-0,7464357;0,5839988;1,809711;159158798,5803
72057594037929377;0,4945773;0,4418458;2,471117;159158832,543
72057594037929472;-0,7483242;0,5819175;1,822074;159158832,543
72057594037929377;0,5035065;0,442712;2,465205;159158865,5133
72057594037929472;-0,7500884;0,5806033;1,835297;159158865,5133
72057594037929377;0,5144728;0,4431536;2,456347;159158898,5697
72057594037929472;-0,751878;0,5794535;1,84862;159158898,5697
72057594037929377;0,5254267;0,4432596;2,447456;159158932,517
72057594037929472;-0,7542735;0,5789804;1,859632;159158932,517
72057594037929377;0,5332779;0,4443377;2,438219;159158965,5197
72057594037929472;-0,7569184;0,5797232;1,869679;159158965,5197
72057594037929377;0,5400451;0,4444724;2,430261;159158998,5851
72057594037929472;-0,7599724;0,5808983;1,880075;159158998,5851
72057594037929377;0,5469084;0,444528;2,420269;159159032,5086
72057594037929472;-0,7632732;0,5824599;1,889273;159159032,5086
72057594037929377;0,5520684;0,4440522;2,410193;159159065,5104
72057594037929472;-0,7664324;0,5834645;1,898078;159159065,5104
72057594037929377;0,5563304;0,4428994;2,398917;159159098,5933
72057594037929472;-0,7696823;0,5851336;1,90589;159159098,5933
72057594037929377;0,5607479;0,4430196;2,382289;159159132,5205
72057594037929472;-0,7724986;0,5858996;1,912812;159159132,5205
72057594037929377;0,5626085;0,4418065;2,371872;159159165,5113
72057594037929472;-0,7746613;0,5867841;1,9192;159159165,5113
72057594037929377;0,5654162;0,4416527;2,357178;159159198,5669
72057594037929472;-0,776212;0,5874868;1,923893;159159198,5669
72057594037929377;0,5655746;0,4404907;2,338128;159159232,6332
72057594037929472;-0,7775242;0,5876775;1,927303;159159232,6332
72057594037929377;0,5666156;0,4390628;2,321847;159159265,5066
72057594037929472;-0,7783646;0,5877996;1,930608;159159265,5066
72057594037929377;0,5679121;0,4372615;2,301536;159159298,5814
72057594037929472;-0,7794182;0,5874327;1,932594;159159298,5814
72057594037929377;0,5659311;0,4361258;2,283278;159159332,507
72057594037929472;-0,7798265;0,586925;1,933351;159159332,507
72057594037929377;0,5622824;0,437672;2,26067;159159365,5143
72057594037929472;-0,780045;0,5865691;1,933602;159159365,5143
72057594037929377;0,5605753;0,4389399;2,2421;159159398,5755
72057594037929472;-0,780179;0,5862308;1,93351;159159398,5755
72057594037929377;0,5575765;0,4412223;2,223232;159159432,5023
72057594037929472;-0,7801811;0,5854762;1,932999;159159432,5023
72057594037929377;0,554185;0,4448129;2,205555;159159465,6923
72057594037929472;-0,7798311;0,5844743;1,931801;159159465,6923
72057594037929377;0,5501007;0,4476669;2,187894;159159498,5725
72057594037929472;-0,7793539;0,5829112;1,930489;159159498,5725
72057594037929377;0,547045;0,4504676;2,172582;159159532,5937
72057594037929472;-0,7782428;0,5815142;1,92819;159159532,5937
72057594037929377;0,5426049;0,4526407;2,156686;159159565,5033
72057594037929472;-0,776517;0,5802777;1,925739;159159565,5033
72057594037929377;0,5406178;0,4538311;2,14153;159159598,5751
72057594037929472;-0,7748224;0,5793611;1,924157;159159598,5751
72057594037929377;0,5394939;0,4556845;2,128881;159159632,5114
72057594037929472;-0,7725913;0,5789223;1,922526;159159632,5114
72057594037929377;0,5366302;0,4574116;2,112853;159159665,5537
72057594037929472;-0,7699816;0,5783337;1,921261;159159665,5537
72057594037929377;0,5352818;0,4587794;2,102296;159159698,579
72057594037929472;-0,7668801;0,5782604;1,920272;159159698,579
72057594037929377;0,5343516;0,4608291;2,091018;159159732,4973
72057594037929472;-0,7630907;0,5791066;1,920429;159159732,4973
72057594037929377;0,5338301;0,4642258;2,077116;159159765,5021
72057594037929472;-0,7575967;0,5797629;1,921245;159159765,5021
72057594037929377;0,5336818;0,4662092;2,065047;159159798,5739
72057594037929472;-0,7518735;0,5805649;1,923187;159159798,5739
72057594037929377;0,5335543;0,4682775;2,053217;159159832,508
72057594037929472;-0,7453336;0,5811316;1,925309;159159832,508
72057594037929377;0,5290087;0,4715173;2,035618;159159865,5862
72057594037929472;-0,7367964;0,5811197;1,928366;159159865,5862
72057594037929377;0,5282658;0,4725171;2,025662;159159898,5603
72057594037929472;-0,7277389;0,5808482;1,933911;159159898,5603
72057594037929377;0,5278096;0,4736072;2,011558;159159932,5008
72057594037929472;-0,7171867;0,5804294;1,939866;159159932,5008
72057594037929377;0,5280992;0,4741983;1,997841;159159965,5022
72057594037929472;-0,7072561;0,5798299;1,946012;159159965,5022
72057594037929377;0,5275822;0,4750843;1,983005;159159998,5847
72057594037929472;-0,6956691;0,5775478;1,954408;159159998,5847
72057594037929377;0,5307619;0,4746567;1,96693;159160032,5354
72057594037929472;-0,6836526;0,5753648;1,962127;159160032,5354
72057594037929377;0,5333372;0,4741029;1,95336;159160065,5087
72057594037929472;-0,672594;0,5726957;1,970464;159160065,5087
72057594037929377;0,5358444;0,4731544;1,935219;159160098,5651
72057594037929472;-0,6591753;0,5701943;1,978351;159160098,5651
72057594037929377;0,5395306;0,4732542;1,921144;159160132,5282
72057594037929472;-0,6482441;0,5687958;1,987189;159160132,5282
72057594037929377;0,5468743;0,4715598;1,902147;159160165,5062
72057594037929472;-0,6369159;0,566152;1,996367;159160165,5062
72057594037929377;0,5547405;0,4704039;1,886374;159160198,5758
72057594037929472;-0,627904;0,5660979;2,004614;159160198,5758
72057594037929377;0,561897;0,4698817;1,869251;159160232,5108
72057594037929472;-0,6181912;0,5675424;2,012042;159160232,5108
72057594037929377;0,5703374;0,4703813;1,849904;159160265,5143
72057594037929472;-0,6099355;0,5681981;2,017695;159160265,5143
72057594037929377;0,5772985;0,4719002;1,831504;159160298,5754
72057594037929472;-0,6029821;0,5700682;2,021998;159160298,5754
72057594037929377;0,5865964;0,4755397;1,810609;159160332,5006
72057594037929472;-0,5963033;0,5722786;2,026116;159160332,5006
72057594037929377;0,5941607;0,4799374;1,793326;159160365,5143
72057594037929472;-0,5901499;0,5749885;2,029042;159160365,5143
72057594037929377;0,6009576;0,4839151;1,777172;159160398,5746
72057594037929472;-0,5846815;0,5767182;2,031247;159160398,5746
72057594037929377;0,6093997;0,4881214;1,75593;159160432,5036
72057594037929472;-0,5792291;0,5777374;2,032179;159160432,5036
72057594037929377;0,6156911;0,4902262;1,741649;159160465,5063
72057594037929472;-0,575117;0,5784816;2,032451;159160465,5063
72057594037929377;0,6221758;0,4916565;1,723646;159160498,5772
72057594037929472;-0,5705503;0,5786727;2,03224;159160498,5772
72057594037929377;0,6267529;0,4929672;1,707838;159160532,5079
72057594037929472;-0,5662193;0,5782095;2,029803;159160532,5079
72057594037929377;0,6288745;0,4942931;1,693938;159160565,5127
72057594037929472;-0,5610102;0,5772182;2,025532;159160565,5127
72057594037929377;0,6320449;0,4945248;1,681393;159160598,573
72057594037929472;-0,5572942;0,57601;2,021861;159160598,573
72057594037929377;0,6335179;0,4951491;1,668261;159160632,5126
72057594037929472;-0,5529507;0,5740997;2,013654;159160632,5126
72057594037929377;0,6352465;0,4959931;1,655823;159160665,5038
72057594037929472;-0,5500943;0,5719818;2,003865;159160665,5038
72057594037929377;0,6349674;0,4971169;1,647071;159160698,5769
72057594037929472;-0,5480521;0,5697566;1,994221;159160698,5769
72057594037929377;0,6356621;0,4977412;1,637795;159160732,5084
72057594037929472;-0,5472319;0,5687238;1,984346;159160732,5084
72057594037929377;0,6352825;0,4981092;1,63043;159160765,5
72057594037929472;-0,5471381;0,5670325;1,972211;159160765,5
72057594037929377;0,6353064;0,4983832;1,623038;159160798,5769
72057594037929472;-0,5476762;0,5659016;1,960459;159160798,5769
72057594037929377;0,6356423;0,4982527;1,616709;159160832,5153
72057594037929472;-0,5476727;0,5657855;1,946728;159160832,5153
72057594037929377;0,6360458;0,4984133;1,61131;159160865,5188
72057594037929472;-0,5480106;0,5660239;1,937172;159160865,5188
72057594037929377;0,6366321;0,4983753;1,606785;159160898,5817
72057594037929472;-0,5484403;0,567542;1,924975;159160898,5817
72057594037929377;0,6371143;0,4985557;1,603639;159160932,5106
72057594037929472;-0,5479136;0,5694478;1,912589;159160932,5106
72057594037929377;0,6372569;0,4987255;1,601493;159160965,5069
72057594037929472;-0,5479141;0,5715944;1,902058;159160965,5069
72057594037929377;0,6370513;0,4990723;1,599187;159160998,5838
72057594037929472;-0,5470732;0,5738495;1,888336;159160998,5838
72057594037929377;0,63671;0,4996803;1,596542;159161032,5418
72057594037929472;-0,5456601;0,5761898;1,875452;159161032,5418
72057594037929377;0,6351653;0,5008803;1,593801;159161065,5181
72057594037929472;-0,5436112;0,578468;1,86158;159161065,5181
72057594037929377;0,6339944;0,5020167;1,591457;159161098,6091
72057594037929472;-0,5416323;0,5788635;1,846908;159161098,6091
72057594037929377;0,6333422;0,5027726;1,587717;159161132,5116
72057594037929472;-0,5390865;0,5781497;1,827537;159161132,5116
72057594037929377;0,6321367;0,5032905;1,583792;159161165,507
72057594037929472;-0,5363939;0,5779305;1,810706;159161165,507
72057594037929377;0,6305645;0,5031992;1,578973;159161198,5767
72057594037929472;-0,5336697;0,5769126;1,79105;159161198,5767
72057594037929377;0,6296455;0,5022869;1,574449;159161232,5095
72057594037929472;-0,5307474;0,5761439;1,773708;159161232,5095
72057594037929377;0,6292723;0,5007039;1,569623;159161265,5203
72057594037929472;-0,5260768;0,5743544;1,75264;159161265,5203
72057594037929377;0,6306351;0,4981573;1,565171;159161298,5993
72057594037929472;-0,5221229;0,5735218;1,732907;159161298,5993
72057594037929377;0,6315005;0,496359;1,563071;159161332,5462
72057594037929472;-0,5177007;0,5731412;1,712585;159161332,5462
72057594037929377;0,6327564;0,4948962;1,561979;159161365,5079
72057594037929472;-0,5121477;0,5726068;1,691632;159161365,5079
72057594037929377;0,6338491;0,4939148;1,562092;159161398,5751
72057594037929472;-0,5057786;0,5728794;1,671484;159161398,5751
72057594037929377;0,6357807;0,4924705;1,564702;159161432,5164
72057594037929472;-0,4983423;0,5743746;1,649233;159161432,5164
72057594037929377;0,6373401;0,4918056;1,570794;159161465,5489
72057594037929472;-0,4916974;0,5751313;1,629143;159161465,5489
72057594037929377;0,6380628;0,4915597;1,582218;159161498,5742
72057594037929472;-0,4854764;0,5756987;1,609069;159161498,5742
72057594037929377;0,6383088;0,4924276;1,598201;159161532,513
72057594037929472;-0,4805261;0,5778759;1,591357;159161532,513
72057594037929377;0,6365122;0,4937417;1,615798;159161565,5089
72057594037929472;-0,4757317;0,5802129;1,57189;159161565,5089
72057594037929377;0,6333919;0,4942687;1,632097;159161598,5713
72057594037929472;-0,4724892;0,5824988;1,554654;159161598,5713
72057594037929377;0,6267982;0,4963575;1,65213;159161632,4973
72057594037929472;-0,4702268;0,5861795;1,538351;159161632,4973
72057594037929377;0,6209419;0,4963623;1,66893;159161665,4961
72057594037929472;-0,4692279;0,5892238;1,522716;159161665,4961
72057594037929377;0,6157795;0,4964155;1,690287;159161698,5769
72057594037929472;-0,4695466;0,5925187;1,509343;159161698,5769
72057594037929377;0,6092479;0,4962112;1,707897;159161732,5541
72057594037929472;-0,471172;0,5941162;1,49607;159161732,5541
72057594037929377;0,6028727;0,4954634;1,727468;159161765,5504
72057594037929472;-0,475318;0,5950722;1,482224;159161765,5504
72057594037929377;0,5941279;0,4937023;1,748666;159161798,6243
72057594037929472;-0,4816621;0,5949669;1,468613;159161798,6243
72057594037929377;0,5836115;0,4901857;1,771355;159161832,52
72057594037929472;-0,490681;0,5943161;1,455079;159161832,52
72057594037929377;0,5746247;0,4875657;1,790362;159161865,5252
72057594037929472;-0,5033808;0,5925607;1,441058;159161865,5252
72057594037929377;0,5654222;0,4829446;1,812938;159161898,5966
72057594037929472;-0,5196476;0,5899032;1,426146;159161898,5966
72057594037929377;0,5520904;0,4768636;1,83616;159161932,6318
72057594037929472;-0,5398899;0,5872065;1,411003;159161932,6318
72057594037929377;0,5392388;0,4728364;1,85543;159161965,4954
72057594037929472;-0,5634456;0,5852827;1,395167;159161965,4954
72057594037929377;0,5262969;0,4694417;1,873832;159161998,6018
72057594037929472;-0,5909943;0,5825793;1,379877;159161998,6018
72057594037929377;0,5135659;0,4654298;1,893249;159162032,5406
72057594037929472;-0,6201053;0,5795197;1,363942;159162032,5406
72057594037929377;0,50214;0,4632864;1,911535;159162065,5505
72057594037929472;-0,6538307;0,5764264;1,346666;159162065,5505
72057594037929377;0,492241;0,4634115;1,926887;159162098,6129
72057594037929472;-0,6859908;0,5733878;1,324922;159162098,6129
72057594037929377;0,4833382;0,4645002;1,942386;159162132,5666
72057594037929472;-0,7187821;0,5722739;1,307229;159162132,5666
72057594037929377;0,4758017;0,4651533;1,960272;159162165,5382
72057594037929472;-0,7506539;0,5707713;1,290891;159162165,5382
72057594037929377;0,46956;0,4660917;1,975608;159162198,5686
72057594037929472;-0,7819132;0,5634899;1,279342;159162198,5686
72057594037929377;0,4653535;0,4675133;1,994755;159162232,5428
72057594037929472;-0,8180245;0,5494673;1,26921;159162232,5428
72057594037929377;0,4601253;0,4678335;2,012966;159162265,5117
72057594037929472;-0,8179666;0,5498906;1,26915;159162265,5117
72057594037929377;0,4566986;0,470603;2,030437;159162298,6463
72057594037929472;-0,8490869;0,5549905;1,24852;159162298,6463
72057594037929377;0,4547345;0,4709734;2,048346;159162332,6503
72057594037929472;-0,8343586;0,4957877;1,228688;159162332,6503
72057594037929377;0,4542505;0,4716572;2,06421;159162365,5455
72057594037929472;-0,9591492;0,3708919;1,23785;159162365,5455
72057594037929377;0,4535108;0,4707594;2,082763;159162398,5738
72057594037929472;-0,9153844;0,2605358;1,296621;159162398,5738
72057594037929377;0,4546945;0,4718792;2,099732;159162432,5501
72057594037929472;-0,9038197;0,2188288;1,276435;159162432,5501
72057594037929377;0,456408;0,4720801;2,114712;159162465,5417
72057594037929472;-0,9338077;-0,03841765;1,296034;159162465,5417
72057594037929377;0,4610337;0,4732424;2,127963;159162498,5977
72057594037929472;-0,9495736;-0,02391302;1,267626;159162498,5977
72057594037929377;0,4668334;0,4732744;2,146012;159162532,5105
72057594037929472;-0,8773552;-0,2169235;1,219922;159162532,5105
72057594037929377;0,4717638;0,4737798;2,156663;159162565,5102
72057594037929472;-0,1631871;0,01419589;0,2458459;159162565,5102
72057594037929377;0,4813105;0,4746041;2,171427;159162598,5751
72057594037929377;0,4889521;0,4734504;2,182126;159162632,6744
72057594037929377;0,4982603;0,4711146;2,193463;159162666,0986
72057594037929377;0,5106091;0,4683559;2,204548;159162698,5735
72057594037929377;0,5205517;0,4658865;2,213916;159162732,5016
72057594037929377;0,5314938;0,4613849;2,22143;159162765,5128
72057594037929377;0,5436532;0,4569492;2,230673;159162798,8282
72057594037929377;0,5563126;0,4529384;2,238379;159162832,5319
72057594037929377;0,5661163;0,4512073;2,245256;159162865,5717
72057594037929377;0,5769584;0,4508773;2,252892;159162898,6661
72057594037929377;0,5842735;0,4506331;2,26016;159162932,5226
72057594037929377;0,5898657;0,451021;2,267807;159162965,5342
72057594037929377;0,5948157;0,4521596;2,276033;159162998,7063
72057594037929377;0,5984779;0,4537872;2,285037;159163032,5883
72057594037929377;0,600796;0,4546279;2,292714;159163065,6853
72057594037929377;0,6031286;0,4543364;2,302841;159163098,7162
72057594037929377;0,6024672;0,4548385;2,310831;159163132,5397
72057594037929377;0,5994288;0,4548564;2,320709;159163165,7284
72057594037929377;0,5979145;0,4543761;2,328668;159163198,5792
72057594037929377;0,5903592;0,4536472;2,34238;159163232,5338
72057594037929377;0,5851354;0,4535406;2,350017;159163265,5796
72057594037929377;0,5759711;0,453452;2,358536;159163298,5784
72057594037929377;0,5644533;0,4531002;2,368073;159163332,5104
72057594037929377;0,5488441;0,4531155;2,379095;159163365,6133
72057594037929377;0,5350156;0,4499833;2,390373;159163398,6356
72057594037929377;0,5160365;0,4456856;2,399979;159163432,5087
72057594037929377;0,500367;0,4438517;2,409647;159163465,5221
72057594037929377;0,4816011;0,4379129;2,421262;159163498,718
72057594037929377;0,4649474;0,4357167;2,430947;159163532,5182
72057594037929377;0,4317919;0,4348274;2,445242;159163565,5772
72057594037929377;0,4037737;0,430714;2,457446;159163598,614
72057594037929377;0,3810174;0,4311394;2,467531;159163632,5148
72057594037929377;0,35123;0,4296548;2,47886;159163665,6817
72057594037929377;0,3322051;0,4303282;2,484507;159163698,739
72057594037929377;0,3044965;0,4283618;2,496221;159163732,514
72057594037929377;0,2912482;0,4284316;2,499657;159163765,6724
72057594037929377;0,2599206;0,4306707;2,507716;159163798,6013
72057594037929377;0,2492811;0,4298327;2,513003;159163832,5366
72057594037929377;0,2341133;0,4303082;2,517837;159163865,5035
72057594037929377;0,2177717;0,4321175;2,521758;159163898,6653
72057594037929377;0,2035002;0,4305364;2,524935;159163932,5422
72057594037929377;0,1885348;0,4336622;2,527529;159163965,4997
72057594037929377;0,1763352;0,43334;2,526718;159163998,6687
72057594037929377;0,1659629;0,4333594;2,526343;159164032,5922
72057594037929377;0,1532527;0,4320518;2,525655;159164065,501
72057594037929377;0,1433127;0,431701;2,524065;159164098,5728
72057594037929377;0,1298615;0,4320594;2,517165;159164132,652
72057594037929377;0,1190209;0,4309152;2,510913;159164165,5544
72057594037929377;0,1099345;0,4306339;2,503676;159164198,5728
