72057594037935313;0,2062005;0,3427316;0,8021451;803
72057594037935313;0,2062005;0,3427316;0,8021451;803
72057594037935313;0,2059879;0,3431373;0,8020637;836
72057594037935313;0,2064065;0,3426948;0,8023574;869
72057594037935313;0,2060902;0,3430025;0,8021994;903
72057594037935313;0,205831;0,3433013;0,802019;936
72057594037935313;0,2063119;0,3425608;0,8023604;969
72057594037935313;0,2060517;0,3428177;0,8021296;3
72057594037935313;0,2058288;0,3429058;0,8019819;36
72057594037935313;0,2056155;0,3429726;0,8017837;69
72057594037935313;0,205417;0,3430361;0,8017004;103
72057594037935313;0,2060855;0,3421531;0,8021626;136
72057594037935313;0,2059474;0,3423138;0,8020169;169
72057594037935313;0,2056728;0,34263;0,801821;203
72057594037935313;0,2061407;0,3420554;0,802125;236
72057594037935313;0,2058906;0,3422906;0,8018987;269
72057594037935313;0,2056904;0,3425589;0,8017158;303
72057594037935313;0,2055186;0,3427289;0,8015918;336
72057594037935313;0,2053721;0,3429466;0,8014256;369
72057594037935313;0,2052846;0,3430534;0,8012972;403
72057594037935313;0,2050922;0,3433275;0,8011013;436
72057594037935313;0,2049948;0,3434921;0,8009953;469
72057594037935313;0,2054432;0,3430042;0,8012264;503
72057594037935313;0,2052191;0,3432707;0,8009854;536
72057594037935313;0,2051264;0,3434279;0,8008747;569
72057594037935313;0,2050253;0,3436059;0,8007206;603
72057594037935313;0,2049498;0,343794;0,8005571;636
72057594037935313;0,2049032;0,3438982;0,8003718;669
72057594037935313;0,2048972;0,3440537;0,8002779;703
72057594037935313;0,204952;0,3442501;0,8001947;736
72057594037935313;0,2049695;0,3443907;0,800095;769
72057594037935313;0,205094;0,3446274;0,8000503;803
72057594037935313;0,2052508;0,3448702;0,8000323;836
72057594037935313;0,2065273;0,3441179;0,8007407;869
72057594037935313;0,2069806;0,3452283;0,8012817;903
72057594037935313;0,2095209;0,3450733;0,8038093;936
72057594037935313;0,2134687;0,3468362;0,8095926;969
72057594037935313;0,2176666;0,3514348;0,8179815;3
72057594037935313;0,2226367;0,3584073;0,8317084;36
72057594037935313;0,2266661;0,3709688;0,8491952;69
72057594037935313;0,2316323;0,3840151;0,870549;103
72057594037935313;0,2350011;0,3984184;0,895891;136
72057594037935313;0,2369855;0,4142804;0,9205194;169
72057594037935313;0,238968;0,4332201;0,9540715;203
72057594037935313;0,2390964;0,4503015;0,9900703;236
72057594037935313;0,2364184;0,4641078;1,022554;269
72057594037935313;0,2304696;0,4792247;1,064473;303
72057594037935313;0,2256694;0,4845092;1,0983;336
72057594037935313;0,2188754;0,4867098;1,139452;369
72057594037935313;0,2114155;0,4880787;1,177415;403
72057594037935313;0,2006557;0,4901407;1,217325;436
72057594037935313;0,1896396;0,492454;1,255286;469
72057594037935313;0,1747304;0,4946013;1,29291;503
72057594037935313;0,16612;0,4972933;1,323743;536
72057594037935313;0,155999;0,5000526;1,36073;569
72057594037935313;0,1487379;0,5027583;1,390286;603
72057594037935313;0,1426508;0,5065137;1,424277;636
72057594037935313;0,1385713;0,5075946;1,452467;669
72057594037935313;0,1341027;0,5071388;1,481244;703
72057594037935313;0,1305195;0,5073114;1,509634;736
72057594037935313;0,1282608;0,5061489;1,533263;769
72057594037935313;0,1267436;0,5047863;1,559648;803
72057594037935313;0,125604;0,5025866;1,584296;836
72057594037935313;0,1255673;0,5008086;1,607523;869
72057594037935313;0,1266573;0,499424;1,631968;903
72057594037935313;0,1284607;0,4978325;1,65465;936
72057594037935313;0,1308109;0,4966017;1,67662;969
72057594037935313;0,1332741;0,4953625;1,693371;3
72057594037935313;0,1370879;0,4940609;1,715638;36
72057594037935313;0,1415016;0,4929357;1,73301;69
72057594037935313;0,147153;0,491591;1,752125;103
72057594037935313;0,1533756;0,489131;1,77036;136
72057594037935313;0,1588614;0,4880393;1,78769;169
72057594037935313;0,1649649;0,4861001;1,807866;203
72057594037935313;0,1721624;0,4844013;1,82882;236
72057594037935313;0,1767845;0,4830155;1,84998;269
72057594037935313;0,1822719;0,4843327;1,873733;303
72057594037935313;0,1876263;0,4852164;1,899765;336
72057594037935313;0,1918208;0,4874016;1,918593;369
72057594037935313;0,1956756;0,4890879;1,946779;403
72057594037935313;0,2000355;0,4906364;1,966707;436
72057594037935313;0,2033443;0,4918318;1,991079;469
72057594037935313;0,2063899;0,4940538;2,009945;503
72057594037935313;0,2081464;0,4944143;2,028808;536
72057594037935313;0,2104807;0,4964408;2,044158;569
72057594037935313;0,2134529;0,5015957;2,056936;603
72057594037935313;0,2163361;0,5090221;2,069869;636
72057594037935313;0,2194282;0,5170189;2,076263;669
72057594037935313;0,2248787;0,5247154;2,085943;703
72057594037935313;0,2283877;0,528854;2,091727;736
72057594037935313;0,2319249;0,5319926;2,096056;769
72057594037935313;0,2344558;0,5345316;2,098029;803
72057594037935313;0,2364194;0,5357006;2,09919;836
72057594037935313;0,2378015;0,5356764;2,099699;869
72057594037935313;0,2390827;0,5351164;2,099835;903
72057594037935313;0,2407222;0,5333759;2,099214;936
72057594037935313;0,2417253;0,5296832;2,097858;969
72057594037935313;0,2424211;0,5251065;2,095581;3
72057594037935313;0,2417215;0,5194342;2,090665;36
72057594037935313;0,2392303;0,5116614;2,08364;69
72057594037935313;0,236316;0,5071307;2,081231;103
72057594037935313;0,231867;0,5014035;2,075222;136
72057594037935313;0,226282;0,4953468;2,066177;169
72057594037935313;0,2229312;0,490841;2,059041;203
72057594037935313;0,2190533;0,4892451;2,049612;236
72057594037935313;0,2138544;0,4863434;2,036901;269
72057594037935313;0,2055158;0,4847565;2,026618;303
72057594037935313;0,1935154;0,4844235;2,015973;336
72057594037935313;0,1808133;0,4832877;2,007126;369
72057594037935313;0,1619482;0,4824458;1,995344;403
72057594037935313;0,1441711;0,4810388;1,983918;436
72057594037935313;0,1259798;0,4796459;1,973652;469
72057594037935313;0,1049592;0,4782538;1,962028;503
72057594037935313;0,08438881;0,4774967;1,950843;536
72057594037935313;0,0643215;0,4785101;1,941892;569
72057594037935313;0,04227248;0,4777606;1,931591;603
72057594037935313;0,02412276;0,4784243;1,923168;636
72057594037935313;0,004315644;0,4798105;1,91581;669
72057594037935313;-0,01350525;0,4814738;1,908137;703
72057594037935313;-0,03158794;0,4840447;1,899912;736
72057594037935313;-0,04534277;0,4873074;1,893058;769
72057594037935313;-0,06119727;0,4917412;1,884686;803
72057594037935313;-0,07510115;0,4965394;1,875706;836
72057594037935313;-0,08843981;0,4996583;1,865375;869
72057594037935313;-0,09941276;0,503482;1,856605;903
72057594037935313;-0,1105827;0,5052728;1,845454;936
72057594037935313;-0,1204997;0,5078346;1,833361;969
72057594037935313;-0,129706;0,5097551;1,819276;3
72057594037935313;-0,1368752;0,5101966;1,807445;36
72057594037935313;-0,142813;0,5087001;1,795132;69
72057594037935313;-0,1478158;0,5069366;1,783528;103
72057594037935313;-0,1510772;0,5037893;1,772;136
72057594037935313;-0,1536683;0,5001508;1,760741;169
72057594037935313;-0,1563066;0,4978958;1,750606;203
72057594037935313;-0,1586803;0,496723;1,741749;236
72057594037935313;-0,161458;0,4963301;1,731659;269
72057594037935313;-0,1648952;0,4972024;1,722789;303
72057594037935313;-0,1757689;0,5067067;1,704713;369
72057594037935313;-0,1807317;0,5118541;1,697382;403
72057594037935313;-0,1933245;0,5209992;1,682495;469
72057594037935313;-0,1986533;0,5232989;1,676601;503
72057594037935313;-0,2059683;0,5244713;1,670968;536
72057594037935313;-0,2145755;0,5246264;1,666093;569
72057594037935313;-0,2254726;0,5236927;1,662396;603
72057594037935313;-0,2387661;0,5216938;1,658943;636
72057594037935313;-0,2568807;0,519231;1,657497;669
72057594037935313;-0,2753432;0,5170886;1,657093;703
72057594037935313;-0,2979709;0,5147606;1,658387;736
72057594037935313;-0,3188563;0,5113315;1,66121;769
72057594037935313;-0,3433083;0,5069468;1,666279;803
72057594037935313;-0,3651382;0,5019294;1,669562;836
72057594037935313;-0,3851686;0,4960993;1,673685;869
72057594037935313;-0,4044346;0,4895942;1,677543;903
72057594037935313;-0,4222813;0,4822347;1,679465;936
72057594037935313;-0,4392124;0,4741484;1,68221;969
72057594037935313;-0,45184;0,4669971;1,684441;3
72057594037935313;-0,4631839;0,4597018;1,68593;36
72057594037935313;-0,4735199;0,4515401;1,686404;69
72057594037935313;-0,48321;0,44297;1,687871;103
72057594037935313;-0,4910567;0,4340188;1,688926;136
72057594037935313;-0,4978283;0,4269711;1,690806;169
72057594037935313;-0,5052371;0,4230431;1,691576;203
72057594037935313;-0,5104132;0,4117507;1,694872;236
72057594037935313;-0,5144532;0,410674;1,69524;269
72057594037935313;-0,5173114;0,3994454;1,698085;303
72057594037935313;-0,5189849;0,3931335;1,700694;336
72057594037935313;-0,5187706;0,3889563;1,703334;369
72057594037935313;-0,5167957;0,3832473;1,706813;403
72057594037935313;-0,5125686;0,3776839;1,711943;436
72057594037935313;-0,5055835;0,3726318;1,7183;469
72057594037935313;-0,4954427;0,3681968;1,725771;503
72057594037935313;-0,4803475;0,3642802;1,734194;536
72057594037935313;-0,4637518;0,3620417;1,743686;569
72057594037935313;-0,4478708;0,3597052;1,752098;603
72057594037935313;-0,4256178;0,3575941;1,764284;636
72057594037935313;-0,4041047;0,3552723;1,774382;669
72057594037935313;-0,3781712;0,3532538;1,789026;703
72057594037935313;-0,3548664;0,3536156;1,801187;736
72057594037935313;-0,3286296;0,3510394;1,815414;769
72057594037935313;-0,3013728;0,3495981;1,829056;803
72057594037935313;-0,2712672;0,3498513;1,846534;836
72057594037935313;-0,2413636;0,3483417;1,863561;869
72057594037935313;-0,2075786;0,3475347;1,885498;903
72057594037935313;-0,1783055;0,3470732;1,90046;936
72057594037935313;-0,1406178;0,3477362;1,920993;969
72057594037935313;-0,1078392;0,349059;1,940495;3
72057594037935313;-0,06688721;0,3511722;1,967538;36
72057594037935313;-0,04268858;0,3513506;1,983958;69
72057594037935313;-0,004411774;0,352534;2,008793;103
72057594037935313;0,01974776;0,3539938;2,025962;136
72057594037935313;0,05271555;0,3591137;2,048419;169
72057594037935313;0,07598989;0,3608868;2,061819;203
72057594037935313;0,1065678;0,3644513;2,081771;236
72057594037935313;0,1307152;0,365962;2,096392;269
72057594037935313;0,1588704;0,3691778;2,110221;303
72057594037935313;0,1833801;0,3714173;2,121814;336
72057594037935313;0,2102328;0,3741853;2,133088;369
72057594037935313;0,2433095;0,3773769;2,14487;403
72057594037935313;0,2677797;0,3787177;2,153353;436
72057594037935313;0,2951835;0,3806562;2,15878;469
72057594037935313;0,3282508;0,3814367;2,166481;503
72057594037935313;0,3530256;0,3827546;2,172403;536
72057594037935313;0,3817831;0,386793;2,178549;569
72057594037935313;0,4068994;0,3899097;2,181816;603
72057594037935313;0,4339148;0,3930728;2,188391;636
72057594037935313;0,4553058;0,4003665;2,193043;669
72057594037935313;0,4768294;0,4070837;2,19971;703
72057594037935313;0,4950054;0,4178333;2,209619;736
72057594037935313;0,515301;0,4309894;2,219814;769
72057594037935313;0,5329946;0,4433858;2,228981;803
72057594037935313;0,551568;0,4536536;2,239062;836
72057594037935313;0,5707504;0,4618369;2,246523;869
72057594037935313;0,5890649;0,4676021;2,253125;903
72057594037935313;0,612426;0,4750059;2,261218;936
72057594037935313;0,6305528;0,4790492;2,26799;969
72057594037935313;0,648684;0,4815044;2,272729;3
72057594037935313;0,6671675;0,4846057;2,276239;36
72057594037935313;0,6854815;0,4891809;2,277428;69
72057594037935313;0,7008976;0,4917231;2,2772;103
72057594037935313;0,7132913;0,4958367;2,276506;136
72057594037935313;0,725772;0,4989381;2,276066;169
72057594037935313;0,735858;0,5019902;2,272626;203
72057594037935313;0,7459095;0,5062624;2,267283;236
72057594037935313;0,7545903;0,5079437;2,261566;269
72057594037935313;0,7651489;0,5080332;2,254667;303
72057594037935313;0,7718362;0,5086724;2,247135;336
72057594037935313;0,7778684;0,508127;2,236818;369
72057594037935313;0,782389;0,5066668;2,224795;403
72057594037935313;0,7843797;0,5065852;2,214451;436
72057594037935313;0,7849316;0,5053398;2,200865;469
72057594037935313;0,7828089;0,5036681;2,185876;503
72057594037935313;0,7797806;0,5015994;2,169955;536
72057594037935313;0,775381;0,4987932;2,152882;569
72057594037935313;0,7685594;0,4956493;2,133498;603
72057594037935313;0,7609497;0,496086;2,114455;636
72057594037935313;0,7550511;0,4962371;2,094075;669
72057594037935313;0,7459216;0,4965424;2,074331;703
72057594037935313;0,7377726;0,4980559;2,055059;736
72057594037935313;0,7273971;0,4977585;2,031931;769
72057594037935313;0,7188919;0,4997917;2,010652;803
72057594037935313;0,7096968;0,5004654;1,990079;836
72057594037935313;0,6984314;0,5029225;1,9659;869
72057594037935313;0,6853467;0,5049216;1,945963;903
72057594037935313;0,6707961;0,5029863;1,917832;936
72057594037935313;0,6602037;0,5031279;1,900041;969
72057594037935313;0,6447805;0,5011885;1,874229;3
72057594037935313;0,6305782;0,5000154;1,850006;36
72057594037935313;0,6157646;0,4984016;1,82713;69
72057594037935313;0,6026292;0,4971375;1,803022;103
72057594037935313;0,5896826;0,4949683;1,783639;136
72057594037935313;0,5734839;0,4943281;1,759307;169
72057594037935313;0,5607256;0,4937647;1,744248;203
72057594037935313;0,5455151;0,4954447;1,726526;236
72057594037935313;0,5297293;0,497982;1,712765;269
72057594037935313;0,5109026;0,5021135;1,699457;303
72057594037935313;0,4928939;0,5066824;1,687304;336
72057594037935313;0,4739235;0,5111117;1,677224;369
72057594037935313;0,4521077;0,5149651;1,669128;403
72057594037935313;0,4303834;0,5173997;1,662135;436
72057594037935313;0,4092756;0,51856;1,657504;469
72057594037935313;0,384177;0,5166966;1,653575;503
72057594037935313;0,3582617;0,515146;1,649835;536
72057594037935313;0,3326396;0,5115845;1,649008;569
72057594037935313;0,3041507;0,5076457;1,649384;603
72057594037935313;0,2744431;0,5045812;1,650851;636
72057594037935313;0,2421043;0,5040618;1,650692;669
72057594037935313;0,2129445;0,5050051;1,649002;703
72057594037935313;0,1793971;0,5082684;1,646305;736
72057594037935313;0,1497502;0,5107635;1,642572;769
72057594037935313;0,1199419;0,5138562;1,637988;803
72057594037935313;0,09124164;0,5179317;1,632131;836
72057594037935313;0,06652713;0,5210854;1,626318;869
72057594037935313;0,03955132;0,5250071;1,618307;903
72057594037935313;0,01909021;0,5276871;1,612019;936
72057594037935313;-0,0008816897;0,5304708;1,603693;969
72057594037935313;-0,01912148;0,5313432;1,59435;3
72057594037935313;-0,0566102;0,5326695;1,567848;69
72057594037935313;-0,0618196;0,5323632;1,562959;103
72057594037935313;-0,07031821;0,5317035;1,552014;136
72057594037935313;-0,07819925;0,5301986;1,53934;169
72057594037935313;-0,08483397;0,5276605;1,525552;203
72057594037935313;-0,09031896;0,5246348;1,510636;236
72057594037935313;-0,09316096;0,5210918;1,4943;269
72057594037935313;-0,09431481;0,5176459;1,477774;303
72057594037935313;-0,0929216;0,5121163;1,458999;336
72057594037935313;-0,08948566;0,5068994;1,440322;369
72057594037935313;-0,08425169;0,4985457;1,41608;403
72057594037935313;-0,07704878;0,4901367;1,394323;436
72057594037935313;-0,06812521;0,4793997;1,36973;469
72057594037935313;-0,05847944;0,4679368;1,346334;503
72057594037935313;-0,045653;0,4525516;1,316573;536
72057594037935313;-0,03339989;0,4392177;1,290113;569
72057594037935313;-0,01895974;0,4232333;1,262286;603
72057594037935313;-0,005452555;0,4091345;1,235332;636
72057594037935313;0,007893536;0,395287;1,20629;669
72057594037935313;0,02347629;0,3808333;1,1758;703
72057594037935313;0,03788383;0,3706628;1,146179;736
72057594037935313;0,05112252;0,3589321;1,113226;769
72057594037935313;0,06347619;0,3494836;1,084939;803
72057594037935313;0,07609825;0,3397616;1,056421;836
72057594037935313;0,08607673;0,33349;1,031795;869
72057594037935313;0,0930896;0,3268741;1,008151;903
72057594037935313;0,1021958;0,3214337;0,9840422;936
72057594037935313;0,1097639;0,316119;0,9627067;969
72057594037935313;0,1173299;0,3117388;0,9428503;3
72057594037935313;0,1234922;0,3087992;0,9263433;36
72057594037935313;0,1282924;0,3079208;0,9074278;69
72057594037935313;0,1311314;0,3073803;0,8919755;103
72057594037935313;0,1336535;0,3079922;0,8757954;136
72057594037935313;0,1370044;0,3089495;0,8625676;169
72057594037935313;0,1392575;0,3105932;0,8519752;203
72057594037935313;0,1416624;0,3118954;0,8420737;236
72057594037935313;0,1448446;0,3136806;0,8316194;269
72057594037935313;0,1463957;0,3142275;0,8253168;303
72057594037935313;0,1476417;0,314981;0,8195558;336
72057594037935313;0,1486227;0,3162647;0,8145094;369
72057594037935313;0,1496193;0,3168384;0,8102754;403
72057594037935313;0,1503262;0,3173357;0,8066029;436
72057594037935313;0,1506363;0,3177899;0,8033069;469
72057594037935313;0,1508967;0,3180233;0,8006415;503
72057594037935313;0,1512267;0,3185663;0,7983169;536
72057594037935313;0,1518686;0,3187851;0,7962962;569
72057594037935313;0,1521233;0,3189599;0,7951071;603
72057594037935313;0,1524018;0,3190874;0,7937441;636
72057594037935313;0,1526139;0,3194655;0,7924599;669
72057594037935313;0,1529702;0,3195464;0,79154;703
72057594037935313;0,1529938;0,3196166;0,7910954;736
72057594037935313;0,1529572;0,3197764;0,7907072;769
72057594037935313;0,1528945;0,3201209;0,7904071;803
72057594037935313;0,1528806;0,3201495;0,7903623;836
72057594037935313;0,1528616;0,3202;0,7902989;869
72057594037935313;0,152799;0,3202829;0,7902377;903
72057594037935313;0,1527882;0,320372;0,7901683;936
72057594037935313;0,1527266;0,3204423;0,7901501;969
72057594037935313;0,1526737;0,320529;0,7901415;3
72057594037935313;0,1525666;0,320567;0,7901586;36
72057594037935313;0,1521116;0,3207584;0,7902873;69
72057594037935313;0,1519571;0,3208063;0,7903723;103
72057594037935313;0,1519654;0,320821;0,7903914;136
72057594037935313;0,1519292;0,3209059;0,7904813;169
72057594037935313;0,1518579;0,3212353;0,790802;203
72057594037927970;-1,864797;-0,4042671;3,395289;268
72057594037927970;-1,86158;-0,4038818;3,3978;301
72057594037927970;-1,859002;-0,4028328;3,400689;334
72057594037927970;-1,85628;-0,4088472;3,409679;368
72057594037927970;-1,855175;-0,4123334;3,412812;401
72057594037927970;-1,850097;-0,4141828;3,416849;434
72057594037927970;-1,846631;-0,4141114;3,418844;468
72057594037927970;-1,844903;-0,4142267;3,420095;501
72057594037927970;-1,838385;-0,4146216;3,420836;534
72057594037927970;-1,834173;-0,4159103;3,421818;568
72057594037927970;-1,82232;-0,4149685;3,423513;601
72057594037927970;-1,816428;-0,4141679;3,425903;634
72057594037927970;-1,804394;-0,4129189;3,426203;668
72057594037927970;-1,793062;-0,4110513;3,430247;701
72057594037927970;-1,786886;-0,4107102;3,435465;734
72057594037927970;-1,779948;-0,409107;3,440367;768
72057594037927970;-1,771851;-0,4073772;3,444674;801
72057594037927970;-1,766779;-0,4035139;3,449266;834
72057594037927970;-1,754877;-0,3950137;3,461499;868
72057594037927970;-1,749955;-0,3901654;3,46629;901
72057594037927970;-1,743874;-0,3867472;3,473304;934
72057594037927970;-1,740126;-0,3840962;3,477452;968
72057594037927970;-1,737912;-0,3834569;3,479976;1
72057594037927970;-1,732012;-0,3785049;3,486232;34
72057594037927970;-1,729746;-0,3775627;3,488868;68
72057594037927970;-1,725397;-0,3767977;3,489604;101
72057594037927970;-1,723194;-0,3764101;3,490185;134
72057594037927970;-1,720686;-0,3764209;3,491039;168
72057594037927970;-1,718146;-0,3751705;3,490903;201
72057594037927970;-1,716803;-0,3746218;3,491091;234
72057594037927970;-1,714907;-0,3731204;3,491676;268
72057594037927970;-1,71154;-0,3716475;3,491551;301
72057594037927970;-1,710742;-0,3713892;3,491513;334
72057594037927970;-1,710746;-0,3710155;3,492034;368
72057594037927970;-1,710363;-0,3707303;3,492307;401
72057594037927970;-1,710086;-0,3704997;3,492465;434
72057594037927970;-1,709931;-0,3697799;3,492596;468
72057594037927970;-1,71042;-0,3688733;3,493957;501
72057594037927970;-1,711805;-0,3683963;3,496466;534
72057594037927970;-1,712551;-0,3683342;3,497857;568
72057594037927970;-1,713919;-0,3676333;3,499634;601
72057594037927970;-1,716044;-0,3665429;3,503885;634
72057594037927970;-1,717545;-0,3660301;3,505016;668
72057594037927970;-1,723332;-0,3697064;3,508079;701
72057594037927970;-1,7246;-0,3684226;3,509515;734
72057594037927970;-1,72867;-0,3677255;3,510036;768
72057594037927970;-1,730455;-0,3670041;3,511917;801
72057594037927970;-1,732331;-0,3657601;3,512409;834
72057594037927970;-1,736346;-0,3638771;3,515098;868
72057594037927970;-1,73883;-0,3630827;3,515699;901
72057594037927970;-1,743526;-0,360881;3,516749;934
72057594037927970;-1,751347;-0,3566529;3,521398;968
72057594037927970;-1,757755;-0,3522445;3,52582;1
72057594037927970;-1,767836;-0,3489079;3,526204;34
72057594037927970;-1,773766;-0,3450229;3,528924;68
72057594037927970;-1,778669;-0,3429854;3,53053;101
72057594037927970;-1,784324;-0,340208;3,530064;134
72057594037927970;-1,788593;-0,3397647;3,531735;168
72057594037927970;-1,791044;-0,3412757;3,53227;201
72057594037927970;-1,793878;-0,3400946;3,533147;234
72057594037927970;-1,794957;-0,3386433;3,532575;268
72057594037927970;-1,795637;-0,3389391;3,532295;301
72057594037927970;-1,795456;-0,3431666;3,530646;334
72057594037927970;-1,796533;-0,3468267;3,530291;368
72057594037927970;-1,797947;-0,3518697;3,529724;401
72057594037927970;-1,796241;-0,3553881;3,528555;434
72057594037927970;-1,793857;-0,3587061;3,525783;468
72057594037928096;0,3983793;0,1915786;1,688754;468
72057594037927970;-1,793733;-0,3606194;3,524731;501
72057594037928096;0,3963247;0,1929884;1,694468;501
72057594037927970;-1,792349;-0,3621064;3,52286;534
72057594037928096;0,392448;0,1940276;1,704013;534
72057594037927970;-1,79158;-0,3632094;3,521393;568
72057594037928096;0,3860185;0,1939339;1,719242;568
72057594037927970;-1,791858;-0,3653064;3,51985;601
72057594037928096;0,3791435;0,1917682;1,731742;601
72057594037927970;-1,792211;-0,3662689;3,518657;634
72057594037928096;0,3709358;0,1884457;1,742482;634
72057594037927970;-1,792356;-0,3668704;3,5183;668
72057594037928096;0,3634379;0,1852079;1,749896;668
72057594037927970;-1,792338;-0,3668933;3,517875;701
72057594037928096;0,3554158;0,182599;1,754644;701
72057594037927970;-1,793445;-0,3659312;3,515418;734
72057594037928096;0,3467312;0,1808573;1,758512;734
72057594037927970;-1,793849;-0,3655026;3,514756;768
72057594037928096;0,3392988;0,1806488;1,759919;768
72057594037927970;-1,794098;-0,3661459;3,51418;801
72057594037928096;0,3289555;0,1809054;1,757967;801
72057594037927970;-1,794129;-0,3663001;3,514026;834
72057594037928096;0,3201661;0,1830853;1,75599;834
72057594037927970;-1,794093;-0,3659059;3,512764;868
72057594037928096;0,3105109;0,1856169;1,75054;868
72057594037927970;-1,79378;-0,3654633;3,509789;901
72057594037928096;0,3005303;0,1894061;1,741774;901
72057594037927970;-1,793757;-0,3650425;3,508302;934
72057594037928096;0,2908654;0,1927998;1,733713;934
72057594037927970;-1,793498;-0,3640947;3,505464;968
72057594037928096;0,2830997;0,1946812;1,727715;968
72057594037927970;-1,794401;-0,3625133;3,501036;1
72057594037928096;0,2749417;0,1965328;1,722996;1
72057594037927970;-1,793645;-0,3625434;3,499546;34
72057594037928096;0,2683449;0,1983544;1,720294;34
72057594037927970;-1,793972;-0,3623186;3,499111;68
72057594037928096;0,2610424;0,201464;1,718954;68
72057594037927970;-1,790651;-0,3585407;3,498276;101
72057594037928096;0,2545145;0,2048547;1,720083;101
72057594037927970;-1,790701;-0,3577533;3,496;134
72057594037928096;0,2472112;0,2091849;1,724025;134
72057594037927970;-1,790559;-0,3577774;3,495177;168
72057594037928096;0,2418257;0,2130551;1,728976;168
72057594037927970;-1,790534;-0,3579331;3,494597;201
72057594037928096;0,2357458;0,2179029;1,737123;201
72057594037927970;-1,789921;-0,3580773;3,493311;234
72057594037928096;0,2301579;0,2213644;1,745149;234
72057594037927970;-1,789108;-0,3583957;3,491766;268
72057594037928096;0,2247236;0,2237564;1,753301;268
72057594037927970;-1,7902;-0,3557063;3,48598;301
72057594037928096;0,2192404;0,2250007;1,76064;301
72057594037927970;-1,790321;-0,3553239;3,48494;334
72057594037928096;0,2114323;0,2247703;1,770136;334
72057594037927970;-1,790381;-0,3544964;3,483738;368
72057594037928096;0,2011291;0,2240891;1,782696;368
72057594037927970;-1,789946;-0,3545218;3,483127;401
72057594037928096;0,1891705;0,2219098;1,793882;401
72057594037927970;-1,790035;-0,3543729;3,480979;434
72057594037928096;0,1739205;0,2181737;1,807138;434
72057594037927970;-1,789081;-0,3532691;3,480713;468
72057594037928096;0,1552578;0,2140674;1,821956;468
72057594037927970;-1,789034;-0,3529942;3,480002;501
72057594037928096;0,1313252;0,2083665;1,837953;501
72057594037927970;-1,787025;-0,3517107;3,479177;534
72057594037928096;0,1047422;0,2009823;1,851604;534
72057594037927970;-1,78691;-0,3516752;3,479104;568
72057594037928096;0,07498688;0,1942428;1,865242;568
72057594037927970;-1,786163;-0,3518429;3,477718;601
72057594037928096;0,04053786;0,1865817;1,879578;601
72057594037927970;-1,786032;-0,3517727;3,477632;634
72057594037928096;0,006335065;0,179984;1,892483;634
72057594037927970;-1,785463;-0,3515448;3,477719;668
72057594037928096;-0,03094393;0,1749323;1,904864;668
72057594037927970;-1,784519;-0,351994;3,477374;701
72057594037928096;-0,06065045;0,172306;1,914686;701
72057594037927970;-1,783502;-0,3511876;3,477252;734
72057594037928096;-0,09303509;0,1711158;1,926133;734
72057594037927970;-1,782608;-0,3513379;3,477117;768
72057594037928096;-0,1207699;0,1719307;1,937014;768
72057594037927970;-1,781898;-0,3513898;3,476914;801
72057594037928096;-0,1455626;0,1736611;1,948028;801
72057594037927970;-1,781775;-0,351408;3,476617;834
72057594037928096;-0,1668747;0,1749896;1,958497;834
72057594037927970;-1,781707;-0,3513707;3,475729;868
72057594037928096;-0,1856837;0,1755601;1,967126;868
72057594037927970;-1,780447;-0,3515591;3,475543;901
72057594037928096;-0,2016971;0,1747993;1,976554;901
72057594037927970;-1,780716;-0,3513601;3,475113;934
72057594037928096;-0,2171284;0,1732899;1,984394;934
72057594037927970;-1,779396;-0,3523076;3,475725;968
72057594037928096;-0,2291735;0,1709054;1,990859;968
72057594037927970;-1,778131;-0,3528764;3,475328;1
72057594037928096;-0,2407915;0,1684648;1,997417;1
72057594037927970;-1,778582;-0,3531798;3,474748;34
72057594037928096;-0,2520553;0,1653258;2,004069;34
72057594037927970;-1,777384;-0,3542106;3,4749;68
72057594037928096;-0,2614239;0,1623593;2,009797;68
72057594037927970;-1,775855;-0,354621;3,475551;101
72057594037928096;-0,2712683;0,1595258;2,016791;101
72057594037927970;-1,774734;-0,3555243;3,475863;134
72057594037928096;-0,2794585;0,1568516;2,022416;134
72057594037927970;-1,773552;-0,3562851;3,476719;168
72057594037928096;-0,2865646;0,1548158;2,028603;168
72057594037927970;-1,773267;-0,3562194;3,476912;201
72057594037928096;-0,2933117;0,1529515;2,033707;201
72057594037927970;-1,772788;-0,3570811;3,477903;234
72057594037928096;-0,3015697;0,1508675;2,040146;234
72057594037927970;-1,772689;-0,3576546;3,478337;268
72057594037928096;-0,3073621;0,1479209;2,046192;268
72057594037927970;-1,772473;-0,3577628;3,478514;301
72057594037928096;-0,3130632;0,1449268;2,051089;301
72057594037927970;-1,772233;-0,3577584;3,47905;334
72057594037928096;-0,3172631;0,1424353;2,055508;334
72057594037927970;-1,771976;-0,3584286;3,479308;368
72057594037928096;-0,3209167;0,1377793;2,060229;368
72057594037927970;-1,772089;-0,3587072;3,480048;401
72057594037928096;-0,3268992;0,1321505;2,067368;401
72057594037927970;-1,772747;-0,3596661;3,480501;434
72057594037928096;-0,3286027;0,1266783;2,071625;434
72057594037927970;-1,773103;-0,3603659;3,481403;468
72057594037928096;-0,3303011;0,1205355;2,075943;468
72057594037927970;-1,772534;-0,3606932;3,48345;501
72057594037928096;-0,3316765;0,1170271;2,07898;501
72057594037927970;-1,772834;-0,3614946;3,484416;534
72057594037928096;-0,338297;0,1145635;2,084221;534
72057594037927970;-1,772981;-0,3612066;3,484968;568
72057594037928096;-0,3467328;0,1144912;2,08991;568
72057594037927970;-1,773704;-0,3607569;3,486194;601
72057594037928096;-0,3578075;0,1172714;2,095588;601
72057594037927970;-1,773986;-0,36143;3,487518;634
72057594037928096;-0,3699716;0,1213843;2,09922;634
72057594037927970;-1,774469;-0,3622051;3,488714;668
72057594037928096;-0,3823618;0,1247666;2,101441;668
72057594037927970;-1,774258;-0,362684;3,490303;701
72057594037928096;-0,3963058;0,127792;2,103866;701
72057594037927970;-1,774478;-0,3630204;3,490413;734
72057594037928096;-0,4117403;0,1312166;2,10287;734
72057594037927970;-1,774608;-0,3633603;3,492989;768
72057594037928096;-0,4145262;0,1312247;2,102633;768
72057594037927970;-1,775002;-0,3637238;3,493855;801
72057594037928096;-0,4423066;0,1349273;2,095851;801
72057594037927970;-1,776372;-0,3654116;3,495244;834
72057594037928096;-0,4552001;0,1362415;2,090765;834
72057594037927970;-1,776359;-0,3652741;3,496141;868
72057594037928096;-0,4707254;0,1377963;2,083434;868
72057594037927970;-1,776072;-0,365427;3,496994;901
72057594037928096;-0,4880932;0,1414801;2,070961;901
72057594037927970;-1,776056;-0,3653859;3,497342;934
72057594037928096;-0,505038;0,1433893;2,059084;934
72057594037927970;-1,775585;-0,3668359;3,498494;968
72057594037928096;-0,5236641;0,1460724;2,041671;968
72057594037927970;-1,775184;-0,3688403;3,498988;1
72057594037928096;-0,5412282;0,1495098;2,022739;1
72057594037927970;-1,769753;-0,3736818;3,495917;34
72057594037928096;-0,561478;0,1520208;1,999489;34
72057594037927970;-1,766911;-0,397678;3,488976;68
72057594037928096;-0,5847015;0,1531793;1,984251;68
72057594037927970;-1,817223;-0,395361;3,451644;101
72057594037928096;-0,6058429;0,1570025;1,95743;101
72057594037927970;-1,869876;-0,3994632;3,392019;134
72057594037928096;-0,6239979;0,1637144;1,935225;134
72057594037927970;-1,993463;-0,5629547;3,324448;168
72057594037928096;-0,6406577;0,1718811;1,909235;168
72057594037927970;-2,027222;-0,6035433;3,32979;201
72057594037928096;-0,6523934;0,1807888;1,886496;201
72057594037927970;-2,036216;-0,7884556;3,289503;234
72057594037928096;-0,6654673;0,1909113;1,867683;234
72057594037927970;-0,1161513;-0,1252029;0,2428749;268
72057594037928096;-0,6754513;0,1997943;1,84345;268
72057594037928096;-0,6866502;0,2082243;1,820635;301
72057594037928096;-0,694263;0,2149751;1,799057;334
72057594037928096;-0,7027007;0,2195804;1,773042;368
72057594037928096;-0,7089977;0,2222772;1,750067;401
72057594037928096;-0,7137569;0,2238984;1,725187;434
72057594037928096;-0,718163;0,2270806;1,70116;468
72057594037928096;-0,7199592;0,2282469;1,678664;501
72057594037928096;-0,7195156;0,2295945;1,655293;534
72057594037928096;-0,7162817;0,2308728;1,629992;568
72057594037928096;-0,7093599;0,2336763;1,604285;601
72057594037928096;-0,7015368;0,2370122;1,582968;634
72057594037928096;-0,690794;0,2431197;1,559625;668
72057594037928096;-0,6763192;0,2499399;1,533121;701
72057594037928096;-0,6631984;0,2563904;1,513933;734
72057594037928096;-0,6476882;0,2636358;1,488012;768
72057594037928096;-0,6365115;0,2675886;1,470411;801
72057594037928096;-0,6227472;0,2737215;1,448666;834
72057594037928096;-0,610988;0,2800825;1,431807;868
72057594037928096;-0,5987446;0,2877524;1,41436;901
72057594037928096;-0,5875897;0,2961474;1,399638;934
72057594037928096;-0,5764445;0,3037199;1,385958;968
72057594037928096;-0,5637105;0,3100819;1,371217;1
72057594037928096;-0,5514562;0,3151031;1,358556;34
72057594037928096;-0,5364385;0,3192485;1,343998;68
72057594037928096;-0,5211515;0,322172;1,331126;101
72057594037928096;-0,5054059;0,3249634;1,318008;134
72057594037928096;-0,4868469;0,3273044;1,302538;168
72057594037928096;-0,4694917;0,3283283;1,288352;201
72057594037928096;-0,4507234;0,3284876;1,273574;234
72057594037928096;-0,4322374;0,3293164;1,259615;268
72057594037928096;-0,4154501;0,3311686;1,24443;301
72057594037928096;-0,3986659;0,3319745;1,229043;334
72057594037928096;-0,3826788;0,3337932;1,214241;368
72057594037928096;-0,362995;0,3379228;1,197194;401
72057594037928096;-0,3457019;0,3436286;1,182932;434
72057594037928096;-0,3262533;0,350396;1,16942;468
72057594037928096;-0,3054517;0,3576003;1,155067;501
72057594037928096;-0,2842854;0,3636523;1,144525;534
72057594037928096;-0,2627683;0,3681368;1,135075;568
72057594037928096;-0,2384566;0,3756931;1,127063;601
72057594037928096;-0,2138989;0,3822148;1,121457;634
72057594037928096;-0,1909041;0,3861625;1,11637;668
72057594037928096;-0,1613103;0,3906828;1,112046;701
72057594037928096;-0,1403816;0,3944234;1,109353;734
72057594037928096;-0,1083557;0,3960854;1,105658;768
72057594037928096;-0,08184728;0,3956338;1,102635;801
72057594037928096;-0,0517492;0,3938853;1,100719;834
72057594037928096;-0,020062;0,3896486;1,098305;868
72057594037928096;0,0132346;0,385857;1,096841;901
72057594037928096;0,04650895;0,382931;1,096708;934
72057594037928096;0,08318736;0,3764171;1,096079;968
72057594037928096;0,1183498;0,3730893;1,095806;1
72057594037928096;0,1551373;0,3680775;1,097994;34
72057594037928096;0,1907116;0,3635571;1,100902;68
72057594037928096;0,2237441;0,3655094;1,104829;101
72057594037928096;0,260958;0,3667752;1,109733;134
72057594037928096;0,2883931;0,3711105;1,11645;168
72057594037928096;0,3184308;0,3756803;1,126291;201
72057594037928096;0,3415954;0,3804953;1,134637;234
72057594037928096;0,3655368;0,384441;1,145758;268
72057594037928096;0,3872342;0,3858334;1,158133;301
72057594037928096;0,4060914;0,3855671;1,171468;334
72057594037928096;0,4248828;0,3838578;1,187063;368
72057594037928096;0,4402333;0,3797143;1,203061;401
72057594037928096;0,4550424;0,3744941;1,221455;434
72057594037928096;0,4659882;0,3691333;1,239442;468
72057594037928096;0,4764853;0,3625246;1,263842;501
72057594037928096;0,4836673;0,3569451;1,284592;534
72057594037928096;0,4895605;0,3498482;1,307738;568
72057594037928096;0,492756;0,3417932;1,332123;601
72057594037928096;0,4927733;0,3321865;1,35603;634
72057594037928096;0,4901384;0,3222093;1,378297;668
72057594037928096;0,4852776;0,3107693;1,404466;701
72057594037928096;0,4794667;0,3023725;1,42658;734
72057594037928096;0,4731126;0,2917678;1,452142;768
72057594037928096;0,4662868;0,2822492;1,47727;801
72057594037928096;0,4611623;0,2758625;1,49918;834
72057594037928096;0,4577732;0,2712347;1,522232;868
72057594037928096;0,4549133;0,2685554;1,542065;901
72057594037928096;0,4536591;0,2662733;1,56161;934
72057594037928096;0,4539555;0,2631162;1,580819;968
72057594037928096;0,455105;0,2592277;1,597304;1
72057594037928096;0,4566179;0,2556914;1,608593;34
72057594037928096;0,4592654;0,2509301;1,619917;68
72057594037928096;0,4626389;0,2463932;1,630072;101
72057594037928096;0,4659792;0,2426477;1,636418;134
72057594037928096;0,4704474;0,2383072;1,642326;168
72057594037928096;0,4749652;0,2344341;1,646638;201
72057594037928096;0,4786026;0,2310224;1,648938;234
72057594037928096;0,4813176;0,2281231;1,650145;268
72057594037928096;0,4822869;0,2267665;1,650764;301
72057594037928096;0,4847885;0,2232397;1,653548;334
72057594037928096;0,4856439;0,2213797;1,656654;368
72057594037928096;0,4846942;0,219202;1,662946;401
72057594037928096;0,4810784;0,2182232;1,671083;434
72057594037928096;0,472565;0,2181681;1,683704;468
72057594037928096;0,4611493;0,2170571;1,696771;501
72057594037928096;0,4458317;0,2133205;1,71077;534
72057594037928185;-2,245113;-0,8057048;3,873476;568
72057594037928096;0,428454;0,2107416;1,71944;568
72057594037928185;-2,242364;-0,7944203;3,872448;601
72057594037928096;0,4061773;0,2034064;1,735669;601
72057594037928185;-2,240899;-0,7915147;3,871855;634
72057594037928096;0,3851207;0,1952969;1,750605;634
72057594037928185;-2,241016;-0,7732295;3,870486;668
72057594037928096;0,3613627;0,1909086;1,76731;668
72057594037928185;-2,238194;-0,7548253;3,869272;701
72057594037928096;0,3361015;0,1847336;1,783412;701
72057594037928185;-2,240751;-0,7626737;3,868732;734
72057594037928096;0,3086832;0,1792596;1,798567;734
72057594037928185;-2,242594;-0,7616337;3,868162;768
72057594037928096;0,2801827;0,1731256;1,813828;768
72057594037928185;-2,244576;-0,7470667;3,870018;801
72057594037928096;0,2550549;0,1698166;1,825497;801
72057594037928185;-2,245331;-0,7431806;3,871385;834
72057594037928096;0,2259084;0,166399;1,838213;834
72057594037928185;-2,246586;-0,7449038;3,870392;868
72057594037928096;0,200071;0,1650257;1,850373;868
72057594037928185;-2,248763;-0,7831514;3,857142;901
72057594037928096;0,1734383;0,1648366;1,861275;901
72057594037928185;-2,242656;-0,7460482;3,857104;934
72057594037928096;0,1442493;0,1647287;1,87223;934
72057594037928185;-2,253658;-0,7485185;3,858455;968
72057594037928096;0,1163294;0,1638432;1,881724;968
72057594037928185;-2,253654;-0,7493725;3,858543;1
72057594037928096;0,08577958;0,1629823;1,890733;1
72057594037928185;-2,256467;-0,7499142;3,860756;34
72057594037928096;0,05689866;0,162612;1,896717;34
72057594037928185;-2,257238;-0,7520489;3,866896;68
72057594037928096;0,02719453;0,1612901;1,90235;68
72057594037928185;-2,256225;-0,7501826;3,867166;101
72057594037928096;-0,001106775;0,1596673;1,903687;101
72057594037928185;-2,255718;-0,7497447;3,867695;134
72057594037928096;-0,02789408;0,1569416;1,903681;134
72057594037928185;-2,239949;-0,7487475;3,891613;168
72057594037928096;-0,05433362;0,1515272;1,899811;168
72057594037928185;-2,242003;-0,7579737;3,903177;201
72057594037928096;-0,0809523;0,1436969;1,896199;201
72057594037928185;-2,244895;-0,760561;3,907663;234
72057594037928096;-0,1064341;0,1356732;1,891348;234
72057594037928185;-2,243646;-0,7623489;3,907752;268
72057594037928096;-0,1289918;0,1315213;1,889384;268
72057594037928185;-2,253262;-0,7925661;3,95;301
72057594037928096;-0,1514014;0,1323007;1,890243;301
72057594037928185;-2,254137;-0,793345;3,947372;334
72057594037928096;-0,1754287;0,1418138;1,88315;334
72057594037928185;-2,254849;-0,7961581;3,947572;368
72057594037928096;-0,192642;0,1511946;1,884581;368
72057594037928185;-2,255954;-0,7944363;3,949439;401
72057594037928096;-0,2195121;0,1656625;1,886219;401
72057594037928185;-2,257845;-0,8099535;3,963674;434
72057594037928096;-0,2355187;0,1739446;1,889895;434
72057594037928185;-2,258444;-0,8105021;3,963315;468
72057594037928096;-0,257943;0,1741662;1,891778;468
72057594037928185;-2,269009;-0,8288949;3,966908;501
72057594037928096;-0,2821843;0,1641643;1,893788;501
72057594037928185;-2,27049;-0,8389597;3,972937;534
72057594037928096;-0,3039384;0,1482381;1,895718;534
72057594037928185;-2,286987;-0,8416589;3,986701;568
72057594037928096;-0,3212747;0,1325755;1,896493;568
72057594037928185;-2,296928;-0,8714287;3,984656;601
72057594037928096;-0,3335343;0,1242999;1,896642;601
72057594037928185;-2,293831;-0,8459329;3,986735;634
72057594037928096;-0,3401397;0,1226584;1,897011;634
72057594037928185;-2,294842;-0,8453544;3,987364;668
72057594037928096;-0,3462887;0,1276916;1,898188;668
72057594037928185;-2,294813;-0,8418168;3,990941;701
72057594037928096;-0,351752;0,1432937;1,901397;701
72057594037928185;-2,295335;-0,8425705;3,992219;734
72057594037928096;-0,3535159;0,1598062;1,904699;734
72057594037928185;-2,296664;-0,8432616;3,993978;768
72057594037928096;-0,3531952;0,1690262;1,907009;768
72057594037928185;-2,284347;-0,811286;4,000863;801
72057594037928096;-0,3529305;0,1724605;1,908648;801
72057594037928185;-2,345313;-0,8961698;4,024209;834
72057594037928096;-0,3527729;0,1722581;1,908723;834
72057594037928185;-2,322666;-0,8646848;4,014448;868
72057594037928096;-0,3516457;0,160603;1,907155;868
72057594037928185;-2,329929;-0,8595792;4,017958;901
72057594037928096;-0,3500859;0,1377957;1,901799;901
72057594037928185;-2,330081;-0,8305233;4,015053;934
72057594037928096;-0,3489683;0,1289013;1,90031;934
72057594037928185;-2,330098;-0,8322333;4,01432;968
72057594037928096;-0,347601;0,1285493;1,900533;968
72057594037928185;-2,333987;-0,7953748;4,010799;1
72057594037928096;-0,3368085;0,151434;1,909696;1
72057594037928185;-2,342228;-0,8484854;4,019796;34
72057594037928096;-0,3240216;0,2072367;1,929637;34
72057594037928185;-2,331672;-0,8233545;4,007804;68
72057594037928096;-0,3139038;0,251761;1,941659;68
72057594037928185;-2,32403;-0,8256539;4,00369;101
72057594037928096;-0,3063062;0,2810211;1,948654;101
72057594037928185;-2,316205;-0,8337976;3,994236;134
72057594037928096;-0,2980915;0,3043357;1,955225;134
72057594037928185;-2,314059;-0,8360942;3,99038;168
72057594037928096;-0,2903426;0,3159634;1,95878;168
72057594037928185;-2,313354;-0,8370917;3,989323;201
72057594037928096;-0,2825594;0,3205539;1,960542;201
72057594037928185;-2,313591;-0,8372062;3,989126;234
72057594037928096;-0,2720245;0,3188911;1,960486;234
72057594037928185;-2,317935;-0,858601;3,987568;268
72057594037928096;-0,2547081;0,3026499;1,957877;268
72057594037928185;-2,325078;-0,8745186;3,997461;301
72057594037928096;-0,2365882;0,2683406;1,951995;301
72057594037928185;-2,303106;-0,8436465;3,983672;334
72057594037928096;-0,2217417;0,2204402;1,944281;334
72057594037928185;-2,308012;-0,8559825;3,991944;368
72057594037928096;-0,2100374;0,163132;1,933225;368
72057594037928185;-2,317317;-0,8730633;4,005379;401
72057594037928096;-0,2001422;0,1068441;1,924684;401
72057594037928185;-2,326535;-0,8635853;4,020523;434
72057594037928096;-0,1936807;0,06883643;1,919676;434
72057594037928185;-2,332865;-0,8601102;4,030295;468
72057594037928096;-0,1847246;0,05090161;1,918555;468
72057594037928185;-2,339488;-0,8601378;4,037011;501
72057594037928096;-0,1791463;0,04820311;1,920694;501
72057594037928185;-2,341069;-0,8160019;4,044788;534
72057594037928096;-0,1564057;0,07511891;1,936308;534
72057594037928185;-2,321556;-0,8274019;4,02352;568
72057594037928096;-0,1409211;0,1379104;1,957939;568
72057594037928185;-2,396989;-0,5814052;3,49181;601
72057594037928096;-0,1246792;0,2018031;1,979339;601
72057594037928185;-2,409014;-0,5884953;3,526894;634
72057594037928096;-0,1126151;0,2680264;2,00354;634
72057594037928185;-2,410749;-0,6191522;3,531046;668
72057594037928096;-0,09779347;0,3189353;2,016994;668
72057594037928185;-2,422688;-0,6239404;3,556952;701
72057594037928096;-0,08620112;0,3479706;2,027788;701
72057594037928185;-2,438072;-0,6300415;3,573233;734
72057594037928096;-0,06570866;0,3815333;2,038275;734
72057594037928185;-2,087107;-1,127331;3,857917;768
72057594037928096;-0,05022365;0,3966971;2,041772;768
72057594037928185;-2,163804;-1,039104;3,888676;801
72057594037928096;-0,02934271;0,4029978;2,044668;801
72057594037928185;-2,163309;-1,039104;3,888777;834
72057594037928096;-0,006269401;0,4034312;2,045824;834
72057594037928185;-2,075377;-1,082481;3,884985;868
72057594037928096;0,01749927;0,39041;2,045024;868
72057594037928185;-2,078267;-1,076637;3,888489;901
72057594037928096;0,04890376;0,3605213;2,039226;901
72057594037928185;-2,076664;-1,071202;3,887406;934
72057594037928096;0,07546109;0,3205872;2,031047;934
72057594037928185;-2,074662;-1,077632;3,883455;968
72057594037928096;0,1035142;0,2695506;2,019851;968
72057594037928185;-2,090596;-1,084083;3,87164;1
72057594037928096;0,1272142;0,2107623;2,007482;1
72057594037928185;-2,084493;-1,086975;3,861966;34
72057594037928096;0,1494323;0,1427326;1,990618;34
72057594037928185;-2,083474;-1,093844;3,857352;68
72057594037928096;0,1722774;0,08364523;1,974066;68
72057594037928185;-2,205133;-0,5546843;3,911485;101
72057594037928096;0,1932382;0,041256;1,960355;101
72057594037928185;-2,225363;-0,5565519;3,901838;134
72057594037928096;0,2078682;0,02384426;1,955095;134
72057594037928185;-2,230317;-0,5549793;3,899868;168
72057594037928096;0,2232971;0,01451691;1,951145;168
72057594037928185;-2,228928;-0,5456558;3,885358;201
72057594037928096;0,236808;0,01651099;1,949938;201
72057594037928185;-2,212299;-0,5206461;3,862722;234
72057594037928096;0,2553323;0,03099259;1,949727;234
72057594037928185;-2,199943;-0,491801;3,847549;268
72057594037928096;0,2743297;0,058025;1,952224;268
72057594037928185;-2,203536;-0,5075289;3,851678;301
72057594037928096;0,2889279;0,08619373;1,954489;301
72057594037928185;-2,190685;-0,5086737;3,843123;334
72057594037928096;0,30694;0,1136493;1,952429;334
72057594037928185;-2,183234;-0,5112565;3,846141;368
72057594037928096;0,3182647;0,136011;1,952192;368
72057594037928185;-2,166035;-0,519528;3,841787;401
72057594037928096;0,3299601;0,1532348;1,948306;401
72057594037928185;-2,149039;-0,5189587;3,837245;434
72057594037928096;0,3422394;0,1663037;1,941843;434
72057594037928185;-2,156231;-0,5867693;3,812851;468
72057594037928096;0,3528575;0,1752495;1,932409;468
72057594037928185;-2,179333;-0,4972336;3,84744;501
72057594037928096;0,3636506;0,1810229;1,920653;501
72057594037928185;-2,174303;-0,4979886;3,850958;534
72057594037928096;0,3744853;0,1825221;1,906439;534
72057594037928185;-2,163848;-0,4971133;3,85576;568
72057594037928096;0,3844903;0,1807802;1,889664;568
72057594037928185;-2,143648;-0,5040929;3,865594;601
72057594037928096;0,3963724;0,1777551;1,868042;601
72057594037928185;-2,121194;-0,5716947;3,882044;634
72057594037928096;0,4058444;0,1755738;1,847731;634
72057594037928185;-2,125292;-0,5744313;3,888012;668
72057594037928096;0,4151842;0,1745635;1,827093;668
72057594037928185;-2,126542;-0,5888159;3,900419;701
72057594037928096;0,4242719;0,1722438;1,80696;701
72057594037928185;-2,151409;-0,5980212;3,878036;734
72057594037928096;0,4344551;0,1733908;1,789111;734
72057594037928185;-2,154122;-0,5967901;3,880998;768
72057594037928096;0,4469705;0,1787481;1,77254;768
72057594037928185;-2,153799;-0,5989314;3,88256;801
72057594037928096;0,459396;0,1868787;1,75703;801
72057594037928185;-2,153044;-0,6016988;3,885441;834
72057594037928096;0,4731004;0,196187;1,741426;834
72057594037928185;-2,137234;-0,6130631;3,89586;868
72057594037928096;0,4872311;0,2049716;1,726311;868
72057594037928185;-2,138495;-0,617068;3,897346;901
72057594037928096;0,502185;0,2132216;1,710272;901
72057594037928185;-2,131203;-0,4604892;3,962221;934
72057594037928096;0,5174802;0,2186649;1,6918;934
72057594037928185;-2,129726;-0,4630722;3,977516;968
72057594037928096;0,5327688;0,2226222;1,673927;968
72057594037928185;-2,176049;-0,7465603;3,81986;1
72057594037928096;0,5501872;0,2236153;1,65282;1
72057594037928185;-2,124586;-0,992698;3,779019;34
72057594037928096;0,5684345;0,2242013;1,629962;34
72057594037928185;-2,103076;-1,049396;3,766461;68
72057594037928096;0,58586;0,2232762;1,611266;68
72057594037928185;-2,102494;-1,042833;3,770402;101
72057594037928096;0,6049516;0,2225904;1,592098;101
72057594037928185;-2,109355;-0,9828375;3,799535;134
72057594037928096;0,6266468;0,2209428;1,572055;134
72057594037928185;-2,127364;-0,9767091;3,799781;168
72057594037928096;0,6450616;0,2212938;1,5548;168
72057594037928185;-2,122983;-1,025084;3,771795;201
72057594037928096;0,6647274;0,2219733;1,533813;201
72057594037928185;-2,126745;-0,9688632;3,796131;234
72057594037928096;0,6774189;0,2248334;1,51865;234
72057594037928185;-2,147275;-0,9071788;3,805685;268
72057594037928096;0,6879503;0,2308556;1,502913;268
72057594037928185;-2,120498;-0,9623234;3,795946;301
72057594037928096;0,6946639;0,2399133;1,488467;301
72057594037928289;-1,00306;-0,5920316;3,91671;301
72057594037928185;-2,138977;-0,6980553;3,813911;334
72057594037928096;0,6984648;0,2522597;1,472471;334
72057594037928289;-1,003472;-0,5922569;3,916535;334
72057594037928185;-2,134256;-0,6189811;3,845644;368
72057594037928096;0,6984963;0,2627324;1,458201;368
72057594037928289;-1,0047;-0,5917553;3,913343;368
72057594037928185;-2,141996;-0,6852695;3,830765;401
72057594037928096;0,6963686;0,2728444;1,441026;401
72057594037928289;-1,00751;-0,5903036;3,908706;401
72057594037928185;-2,142958;-0,6934934;3,82585;434
72057594037928096;0,6934044;0,2804314;1,424843;434
72057594037928289;-1,011807;-0,5897146;3,902879;434
72057594037928290;-1,697084;-0,3424868;3,568305;468
72057594037928185;-2,142089;-0,6319941;3,85713;468
72057594037928096;0,6868289;0,2854854;1,404697;468
72057594037928289;-1,019196;-0,5899926;3,892754;468
72057594037928290;-1,699682;-0,340248;3,56831;501
72057594037928185;-2,135319;-0,6558282;3,844181;501
72057594037928096;0,678554;0,2884881;1,383168;501
72057594037928289;-1,022865;-0,5884281;3,885866;501
72057594037928290;-1,709426;-0,3425162;3,569563;534
72057594037928185;-2,138163;-0,6938399;3,826495;534
72057594037928096;0,6679089;0,288993;1,360991;534
72057594037928289;-1,028402;-0,5889976;3,878304;534
72057594037928290;-1,718952;-0,3368041;3,569416;568
72057594037928185;-2,142921;-0,6759178;3,847747;568
72057594037928096;0,6541489;0,2900534;1,340284;568
72057594037928289;-1,036993;-0,5923592;3,871034;568
72057594037928290;-1,734382;-0,3358095;3,568396;601
72057594037928185;-2,142779;-0,6771499;3,847453;601
72057594037928096;0,6354832;0,2907345;1,316665;601
72057594037928289;-1,042665;-0,5939862;3,863332;601
72057594037928290;-1,745545;-0,3334624;3,56842;634
72057594037928185;-2,14272;-0,6776925;3,847211;634
72057594037928096;0,6149871;0,2936024;1,294437;634
72057594037928289;-1,050029;-0,5988821;3,854457;634
72057594037928290;-1,765052;-0,3342248;3,57067;668
72057594037928185;-2,142646;-0,6776693;3,847127;668
72057594037928096;0,591177;0,2985443;1,273197;668
72057594037928289;-1,056864;-0,5993491;3,845523;668
72057594037928290;-1,773583;-0,3331086;3,572382;701
72057594037928096;0,5702469;0,3026946;1,254829;701
72057594037928289;-1,06208;-0,6000455;3,839513;701
72057594037928290;-1,786999;-0,3298276;3,572751;734
72057594037928096;0,5472175;0,3097504;1,237637;734
72057594037928289;-1,068724;-0,5988947;3,832995;734
72057594037928290;-1,801005;-0,3322753;3,577103;768
72057594037928096;0,5285513;0,3165392;1,221449;768
72057594037928289;-1,075237;-0,5974156;3,825035;768
72057594037928290;-1,81996;-0,3308803;3,578155;801
72057594037928096;0,5114096;0,3244212;1,206163;801
72057594037928289;-1,08179;-0,5961821;3,820276;801
72057594037928290;-1,829135;-0,3272849;3,579858;834
72057594037928096;0,4955887;0,3329752;1,189087;834
72057594037928289;-1,087667;-0,5978404;3,813491;834
72057594037928290;-1,844105;-0,3277947;3,579917;868
72057594037928096;0,481691;0,3428997;1,170813;868
72057594037928289;-1,099605;-0,6014244;3,806437;868
72057594037928290;-1,859236;-0,3317843;3,578895;901
72057594037928096;0,4700076;0,3514773;1,151955;901
72057594037928289;-1,106236;-0,6050882;3,803469;901
72057594037928290;-1,877299;-0,332962;3,580722;934
72057594037928096;0,4601943;0,3588821;1,132887;934
72057594037928289;-1,121991;-0,6006536;3,790566;934
72057594037928290;-1,888543;-0,3328767;3,582355;968
72057594037928096;0,4498074;0,3645414;1,109511;968
72057594037928289;-1,129608;-0,5972895;3,783485;968
72057594037928290;-1,903053;-0,3335549;3,583276;1
72057594037928096;0,4429502;0,368369;1,087079;1
72057594037928289;-1,143888;-0,5938327;3,77401;1
72057594037928290;-1,91783;-0,3312342;3,584282;34
72057594037928096;0,4367306;0,3717036;1,060712;34
72057594037928289;-1,153205;-0,5932959;3,772298;34
72057594037928290;-1,934322;-0,3307928;3,590534;68
72057594037928096;0,4329017;0,3730321;1,035566;68
72057594037928289;-1,158376;-0,5915811;3,771843;68
72057594037928290;-1,944204;-0,3331204;3,58989;101
72057594037928096;0,4312368;0,3739651;1,00739;101
72057594037928289;-1,161375;-0,5906366;3,775288;101
72057594037928290;-1,956944;-0,3331165;3,592363;134
72057594037928096;0,4314642;0,3737549;0,9795319;134
72057594037928289;-1,168466;-0,5910326;3,780317;134
72057594037928290;-1,967406;-0,3342521;3,592967;168
72057594037928096;0,4334005;0,3740414;0,9470615;168
72057594037928289;-1,180843;-0,5892458;3,782872;168
72057594037928290;-1,989582;-0,3339756;3,595263;201
72057594037928096;0,4383126;0,3726733;0,9199358;201
72057594037928289;-1,232306;-0,5925418;3,756198;201
72057594037928290;-2,011414;-0,3344465;3,594602;234
72057594037928096;0,4459539;0,3687527;0,8893239;234
72057594037928289;-1,238921;-0,5907815;3,757059;234
72057594037928290;-2,025783;-0,3351704;3,594852;268
72057594037928096;0,4508158;0,3625894;0,8591495;268
72057594037928289;-1,271796;-0,570123;3,750557;268
72057594037928290;-2,058312;-0,3383659;3,596244;301
72057594037928096;0,4544376;0,3548163;0,8278378;301
72057594037928289;-1,274326;-0,5714392;3,750333;301
72057594037928290;-2,086909;-0,3366733;3,592478;334
72057594037928096;0,4550517;0,3463015;0,8045279;334
72057594037928289;-1,284477;-0,5711968;3,751708;334
72057594037928290;-2,093867;-0,3382595;3,593822;368
72057594037928096;0,4485109;0,3311265;0,782823;368
72057594037928289;-1,28672;-0,5669689;3,757203;368
72057594037928290;-2,11171;-0,3521876;3,590972;401
72057594037928096;0,4447112;0,3147159;0,7722643;401
72057594037928289;-1,31697;-0,569419;3,750198;401
72057594037928290;-2,127293;-0,3510059;3,587726;434
72057594037928096;0,4415438;0,3030792;0,759187;434
72057594037928289;-1,327716;-0,5668216;3,750628;434
72057594037928290;-2,146767;-0,3576596;3,588132;468
72057594037928096;0,437577;0,2961164;0,7382886;468
72057594037928289;-1,338545;-0,5651958;3,751275;468
72057594037928290;-2,155135;-0,3574988;3,587167;501
72057594037928096;0,4365075;0,2889541;0,7196836;501
72057594037928289;-1,350702;-0,5625368;3,750195;501
72057594037928290;-2,174079;-0,3611766;3,582347;534
72057594037928096;0,4365394;0,2775639;0,6996092;534
72057594037928289;-1,365495;-0,5633445;3,754319;534
72057594037928290;-2,177295;-0,3549513;3,582881;568
72057594037928096;0,429133;0,2518781;0,677834;568
72057594037928289;-1,382911;-0,561214;3,756223;568
72057594037928290;-2,183804;-0,346292;3,581768;601
72057594037928096;0,4210335;0,2334263;0,6664431;601
72057594037928289;-1,391511;-0,5549877;3,75818;601
72057594037928290;-2,192108;-0,3387233;3,582864;634
72057594037928096;0,4147972;0,2194862;0,6546993;634
72057594037928289;-1,407657;-0,5569245;3,75826;634
72057594037928290;-2,229621;-0,3554941;3,556104;668
72057594037928096;0,4066495;0,2124443;0,6720347;668
72057594037928289;-1,419588;-0,5591123;3,758232;668
72057594037928290;-2,239105;-0,348793;3,549802;701
72057594037928096;0,3955215;0,1956308;0,6651714;701
72057594037928289;-1,429255;-0,5582538;3,759524;701
72057594037928290;-2,243452;-0,3429323;3,550051;734
72057594037928096;0,3779948;0,1549764;0,6698965;734
72057594037928289;-1,440078;-0,560085;3,762546;734
72057594037928290;-2,249021;-0,3412092;3,538902;768
72057594037928096;0,3739547;0,1505084;0,6636593;768
72057594037928289;-1,458696;-0,5545405;3,768301;768
72057594037928290;-2,262838;-0,3379606;3,520115;801
72057594037928096;0,3670843;0,1345843;0,6574903;801
72057594037928289;-1,467856;-0,5523267;3,771001;801
72057594037928290;-2,27314;-0,3307356;3,507772;834
72057594037928096;0,3580505;0,1238599;0,6526927;834
72057594037928289;-1,478504;-0,5528747;3,774437;834
72057594037928290;-2,280236;-0,3280902;3,516571;868
72057594037928096;0,3550514;0,1223897;0,6512879;868
72057594037928289;-1,485283;-0,5533034;3,777845;868
72057594037928290;-2,298071;-0,3344857;3,50469;901
72057594037928096;0,3463001;0,09492996;0,651528;901
72057594037928289;-1,489954;-0,5540482;3,778568;901
72057594037928290;-2,318762;-0,336075;3,480297;934
72057594037928096;0,3460515;0,09553956;0,6502382;934
72057594037928289;-1,496483;-0,5557918;3,78267;934
72057594037928290;-2,321273;-0,3176361;3,491855;968
72057594037928096;0,3411618;0,08341652;0,6475615;968
72057594037928289;-1,503923;-0,5758864;3,783067;968
72057594037928290;-2,339715;-0,3256932;3,482209;1
72057594037928096;0,3393084;0,07164643;0,643397;1
72057594037928289;-1,512587;-0,5725309;3,782456;1
72057594037928290;-2,351523;-0,3296561;3,470179;34
72057594037928096;0,3383203;0,06641453;0,6430255;34
72057594037928289;-1,51464;-0,5669271;3,787443;34
72057594037928290;-2,369258;-0,329571;3,459364;68
72057594037928096;0,3365286;0,06199161;0,6433747;68
72057594037928289;-1,523785;-0,5645835;3,783504;68
72057594037928290;-2,396492;-0,2958694;3,454628;101
72057594037928096;0,3305791;0,05313853;0,6452653;101
72057594037928289;-1,525527;-0,5608318;3,787477;101
72057594037928290;-2,379947;-0,3489746;3,44424;134
72057594037928096;0,3226189;0,04792384;0,6476141;134
72057594037928289;-1,531219;-0,557492;3,78651;134
72057594037928290;-2,394993;-0,3543902;3,42926;168
72057594037928096;0,3181701;0,04376324;0,6497633;168
72057594037928289;-1,531687;-0,5504416;3,786068;168
72057594037928290;-2,321485;-0,5217808;3,455069;201
72057594037928096;0,3119457;0,03932032;0,6523026;201
72057594037928289;-1,528582;-0,5317242;3,79085;201
72057594037928290;-2,329529;-0,5197701;3,496582;234
72057594037928096;0,3091533;0,0379707;0,6534578;234
72057594037928289;-1,529678;-0,5316048;3,788741;234
72057594037928290;-2,333363;-0,5173113;3,499286;268
72057594037928096;0,3043166;0,03640961;0,6550089;268
72057594037928289;-1,534112;-0,5256109;3,786702;268
72057594037928290;-2,336756;-0,632201;3,487035;301
72057594037928096;0,3015882;0,03709593;0,6548062;301
72057594037928289;-1,522989;-0,5407231;3,767875;301
72057594037928290;-2,349981;-0,676649;3,504823;334
72057594037928096;0,2943188;0,04141744;0,6539504;334
72057594037928289;-1,542471;-0,5001652;3,777442;334
72057594037929157;0,6771609;0,1821378;1,67668;968
72057594037929157;0,6635163;0,1848343;1,706378;1
72057594037929157;0,6439252;0,1882535;1,743422;34
72057594037929157;0,6281092;0,1891378;1,770576;68
72057594037929157;0,609477;0,1891264;1,80074;101
72057594037929157;0,5927643;0,1888573;1,823817;134
72057594037929157;0,5756192;0,1873403;1,84417;168
72057594037929157;0,5574074;0,1825529;1,861284;201
72057594037929157;0,5396297;0,1791513;1,877501;234
72057594037929157;0,5216761;0,1751726;1,891836;268
72057594037929157;0,5034662;0,1715294;1,903542;301
72057594037929157;0,4890932;0,1693379;1,912554;334
72057594037929157;0,4722999;0,166635;1,922819;368
72057594037929157;0,4583466;0,1639635;1,930453;401
72057594037929157;0,4448805;0,1621448;1,935751;434
72057594037929157;0,4299852;0,1598921;1,941974;468
72057594037929157;0,4176073;0,1577592;1,944913;501
72057594037929157;0,404766;0,1552512;1,9467;534
72057594037929157;0,3904928;0,1533327;1,947919;568
72057594037929157;0,3746476;0,1518711;1,949955;601
72057594037929157;0,3603666;0,1500742;1,950612;634
72057594037929157;0,3440378;0,1479524;1,953227;668
72057594037929157;0,328633;0,1478973;1,954652;701
72057594037929157;0,311142;0,1492191;1,958871;734
72057594037929157;0,2947481;0,1518166;1,963498;768
72057594037929157;0,2771016;0,1549864;1,969527;801
72057594037929157;0,2611068;0,1575976;1,976847;834
72057594037929157;0,2461713;0,1592464;1,98289;868
72057594037929157;0,22612;0,1610749;1,990513;901
72057594037929157;0,2092977;0,1602089;1,996592;934
72057594037929157;0,1904145;0,159141;2,00256;968
72057594037929157;0,168163;0,1580843;2,00901;1
72057594037929157;0,145749;0,1557906;2,014819;34
72057594037929157;0,1212255;0,1539594;2,019936;68
72057594037929157;0,09676848;0,1507342;2,025993;101
72057594037929157;0,07228349;0,1461906;2,031636;134
72057594037929157;0,04290705;0,1423884;2,037227;168
72057594037929157;0,01509466;0,1362349;2,042576;201
72057594037929157;-0,01168467;0,1308676;2,045694;234
72057594037929157;-0,04045584;0,1261706;2,05173;268
72057594037929157;-0,07040852;0,1230412;2,05846;301
72057594037929157;-0,1003576;0,1196908;2,064085;334
72057594037929157;-0,1301501;0,1174846;2,072109;368
72057594037929157;-0,1553874;0,1175639;2,07821;401
72057594037929157;-0,1826911;0,1172301;2,081397;434
72057594037929157;-0,2074083;0,1178378;2,085527;468
72057594037929157;-0,2319292;0,1177938;2,089455;501
72057594037929157;-0,2535401;0,1200718;2,09114;534
72057594037929157;-0,2750298;0,1221099;2,091649;568
72057594037929157;-0,3280881;0,1256857;2,089681;634
72057594037929157;-0,3356305;0,125907;2,088522;668
72057594037929157;-0,35694;0,1261589;2,084683;701
72057594037929157;-0,3762718;0,1255754;2,078059;734
72057594037929157;-0,3951961;0,1236973;2,070278;768
72057594037929157;-0,4139555;0,1219023;2,059994;801
72057594037929157;-0,431803;0,119461;2,049075;834
72057594037929157;-0,4483018;0,1179731;2,037061;868
72057594037929157;-0,4639967;0,1179226;2,021805;901
72057594037929157;-0,4778928;0,117668;2,00748;934
72057594037929157;-0,4920001;0,1207857;1,989337;968
72057594037929157;-0,5072507;0,122064;1,970719;1
72057594037929157;-0,5197238;0,1251262;1,953716;34
72057594037929157;-0,5309058;0,1292228;1,933711;68
72057594037929157;-0,5404793;0,1329643;1,922138;101
72057594037929157;-0,550355;0,1376549;1,90628;134
72057594037929157;-0,5573405;0,1423538;1,893053;168
72057594037929157;-0,5645483;0,1475538;1,880773;201
72057594037929157;-0,5705982;0,1523595;1,869982;234
72057594037929157;-0,576528;0,1571001;1,85915;268
72057594037929157;-0,5809847;0,1626735;1,848041;301
72057594037929157;-0,5849659;0,1675985;1,836582;334
72057594037929157;-0,5886683;0,1722165;1,825329;368
72057594037929157;-0,5911036;0,1769156;1,814184;401
72057594037929157;-0,5919315;0,1825358;1,799595;434
72057594037929157;-0,5911893;0,1867726;1,786171;468
72057594037929157;-0,5895194;0,1918557;1,771183;501
72057594037929157;-0,5865568;0,1959551;1,757041;534
72057594037929157;-0,5819635;0,2010424;1,739821;568
72057594037929157;-0,5765948;0,2036339;1,723468;601
72057594037929157;-0,5708368;0,2064543;1,707753;634
72057594037929157;-0,5642858;0,2071901;1,689987;668
72057594037929157;-0,5569779;0,2094838;1,673195;701
72057594037929157;-0,5490625;0,2128673;1,657811;734
72057594037929157;-0,5404919;0,2163613;1,642019;768
72057594037929157;-0,5303019;0,2199441;1,628196;801
72057594037929157;-0,519625;0,2245255;1,616321;834
72057594037929157;-0,5056345;0,2298043;1,603238;868
72057594037929157;-0,4926333;0,2344403;1,594155;901
72057594037929157;-0,4771832;0,2388067;1,585171;934
72057594037929157;-0,461087;0,2426626;1,57766;968
72057594037929157;-0,4426567;0,2468538;1,569973;1
72057594037929157;-0,4234842;0,248782;1,563307;34
72057594037929157;-0,4046426;0,2496326;1,558044;68
72057594037929157;-0,3806811;0,2510967;1,552971;101
72057594037929157;-0,3566701;0,2504939;1,546532;134
72057594037929157;-0,3328228;0,2500171;1,542459;168
72057594037929157;-0,3053508;0,2502882;1,539526;201
72057594037929157;-0,2743009;0,2503837;1,537052;234
72057594037929157;-0,2453236;0,2503112;1,535641;268
72057594037929157;-0,2116997;0,2511588;1,53547;301
72057594037929157;-0,1772889;0,2525218;1,536033;334
72057594037929157;-0,142955;0,2532014;1,539855;368
72057594037929157;-0,1113771;0,2541377;1,542203;401
72057594037929157;-0,07969286;0,2554639;1,543956;434
72057594037929157;-0,05018391;0,2561563;1,544395;468
72057594037929157;-0,01827764;0,2580931;1,546409;501
72057594037929157;0,006886648;0,2595596;1,5468;534
72057594037929157;0,03328536;0,2618253;1,546537;568
72057594037929157;0,05629641;0,2647586;1,547687;601
72057594037929157;0,0795266;0,2674478;1,547363;634
72057594037929157;0,1022824;0,2696384;1,545895;668
72057594037929157;0,1238121;0,2710952;1,543788;701
72057594037929157;0,1441709;0,2709012;1,540549;734
72057594037929157;0,1640953;0,2706451;1,536528;768
72057594037929157;0,1835791;0,2681551;1,530979;801
72057594037929157;0,2027768;0,2655113;1,526709;834
72057594037929157;0,2190662;0,263353;1,52232;868
72057594037929157;0,2370657;0,2599769;1,516064;901
72057594037929157;0,2547101;0,2577441;1,51032;934
72057594037929157;0,272753;0,2571505;1,50461;968
72057594037929157;0,2912105;0,2583969;1,497927;1
72057594037929157;0,3103882;0,2587792;1,489518;34
72057594037929157;0,3281864;0,260839;1,481862;68
72057594037929157;0,3447559;0,2637623;1,473788;101
72057594037929157;0,3644834;0,2670624;1,465639;134
72057594037929157;0,38308;0,2692682;1,4577;168
72057594037929157;0,4043147;0,2716503;1,450393;201
72057594037929157;0,4214945;0,2740977;1,444409;234
72057594037929157;0,4412616;0,276725;1,438445;268
72057594037929157;0,4600342;0,2810537;1,432966;301
72057594037929157;0,4748591;0,2846597;1,429286;334
72057594037929157;0,4941242;0,2901774;1,424936;368
72057594037929157;0,508408;0,2938921;1,422549;401
72057594037929157;0,5237237;0,2974943;1,418997;434
72057594037929157;0,5403597;0,3014665;1,413954;468
72057594037929157;0,5534416;0,3033995;1,410166;501
72057594037929157;0,5710706;0,3051076;1,404847;534
72057594037929157;0,5855821;0,3057333;1,400569;568
72057594037929157;0,6020555;0,3054423;1,395409;601
72057594037929157;0,6178318;0,3060382;1,389936;634
72057594037929157;0,6355959;0,3062894;1,384806;668
72057594037929157;0,654599;0,3064485;1,379301;701
72057594037929157;0,6717626;0,3067963;1,373499;734
72057594037929157;0,6900002;0,3068468;1,367117;768
72057594037929157;0,7075818;0,3066273;1,359545;801
72057594037929157;0,7258161;0,306436;1,352229;834
72057594037929157;0,7407687;0,3068761;1,344887;868
72057594037929157;0,7526363;0,3089395;1,33763;901
72057594037929157;0,7631524;0,3115991;1,330372;934
72057594037929157;0,7717476;0,3137079;1,323411;968
72057594037929157;0,7806209;0,3159439;1,31499;1
72057594037929157;0,7862209;0,3172264;1,307271;34
72057594037929157;0,7914389;0,3185316;1,298738;68
72057594037929157;0,7958434;0,3193708;1,2869;101
72057594037929157;0,7961637;0,317866;1,274018;134
72057594037929157;0,7936796;0,3159238;1,259796;168
72057594037929157;0,7881635;0,3160855;1,24436;201
72057594037929157;0,7789438;0,3191245;1,226286;234
72057594037929157;0,7695295;0,318514;1,211884;268
72057594037929157;0,7580122;0,3197832;1,19409;301
72057594037929157;0,7449197;0,3201559;1,175687;334
72057594037929157;0,7305958;0,3200295;1,155078;368
72057594037929157;0,713939;0,3236275;1,130851;401
72057594037929157;0,6976774;0,3224918;1,105596;434
72057594037929157;0,6807333;0,3240789;1,083059;468
72057594037929157;0,6602483;0,3232388;1,055346;501
72057594037929157;0,6410777;0,3270652;1,030171;534
72057594037929157;0,6174112;0,3289913;0,9979393;568
72057594037929157;0,59692;0,3316493;0,9722403;601
72057594037929157;0,5770255;0,3354057;0,9502357;634
72057594037929157;0,569012;0,3053963;0,9164418;668
72057594037929157;0,5596998;0,2999865;0,8979266;701
72057594037929157;0,5466681;0,3051265;0,8769012;734
72057594037929157;0,5379533;0,3058322;0,8658769;768
72057594037929157;0,5274667;0,3216499;0,8347124;801
72057594037929157;0,5198334;0,3260035;0,8168401;834
72057594037929157;0,5135837;0,3302572;0,7707464;868
72057594037929157;0,5042664;0,2731673;0,7484882;901
72057594037929157;0,4940393;0,326458;0,7238919;934
72057594037929157;0,4780995;0,3241313;0,7106324;968
72057594037929157;0,4747695;0,318293;0,7072321;1
72057594037929157;0,4624311;0,3310052;0,6824228;34
72057594037929157;0,4378705;0,1885164;0,7947091;68
72057594037929157;0,4668666;0,09849436;0,7997244;101
