0.6554175    ,0.4956236   ,3.004227 ,7533394
0.6554175    ,0.4956236   ,3.004227 ,7533394
0.6541611    ,0.4753026   ,3.005276 ,7533426
0.6511611    ,0.476019    ,3.003689 ,7533462
0.6421623    ,0.4743399   ,2.996945 ,7533494
0.6291539    ,0.4957664   ,2.994075 ,7533526
0.6227855    ,0.498839    ,2.992423 ,7533562
0.618384     ,0.4903309   ,2.994703 ,7533594
0.6082175    ,0.4962231   ,2.996788 ,7533626
0.6045471    ,0.4991427   ,2.997282 ,7533662
0.5961169    ,0.5005723   ,3.002807 ,7533694
0.5873902    ,0.4996331   ,3.005021 ,7533726
0.579242     ,0.5014642   ,3.012751 ,7533762
0.571149     ,0.503159    ,3.019225 ,7533794
0.5667533    ,0.5027556   ,3.021409 ,7533826
0.5567622    ,0.4871404   ,3.030112 ,7533862
0.5491333    ,0.4964109   ,3.033231 ,7533894
0.546805     ,0.4971096   ,3.033855 ,7533926
0.5451442    ,0.4980479   ,3.035491 ,7533962
0.5441211    ,0.4980233   ,3.036197 ,7533994
0.5442766    ,0.4944327   ,3.032971 ,7534026
0.5442924    ,0.4930899   ,3.032308 ,7534062
0.5454623    ,0.4912552   ,3.032341 ,7534094
0.5481437    ,0.4889818   ,3.034261 ,7534126
0.5519812    ,0.4908267   ,3.03456  ,7534162
0.5532626    ,0.4915397   ,3.035731 ,7534194
0.5617332    ,0.4931566   ,3.03831  ,7534226
0.5665135    ,0.4961599   ,3.041378 ,7534262
0.57225      ,0.4978021   ,3.045348 ,7534294
0.57643      ,0.4985153   ,3.053553 ,7534326
0.5806252    ,0.4988987   ,3.05629  ,7534362
0.5857408    ,0.4996811   ,3.059783 ,7534394
0.5863833    ,0.4991606   ,3.059798 ,7534430
0.5888576    ,0.4978082   ,3.061425 ,7534462
0.590013     ,0.4973826   ,3.064364 ,7534494
0.593464     ,0.4942136   ,3.068383 ,7534530
0.594229     ,0.4950092   ,3.072459 ,7534562
0.5981826    ,0.4932585   ,3.077334 ,7534594
0.599443     ,0.4943354   ,3.081301 ,7534630
0.6074234    ,0.4948806   ,3.087855 ,7534662
0.6108055    ,0.4968057   ,3.091088 ,7534694
0.6135659    ,0.4983979   ,3.09527  ,7534730
0.6184759    ,0.4984266   ,3.100767 ,7534762
0.6312369    ,0.4981032   ,3.109621 ,7534794
0.6398657    ,0.4960206   ,3.116023 ,7534830
0.646448     ,0.4964685   ,3.120682 ,7534862
0.6576494    ,0.4961542   ,3.133651 ,7534894
0.6649054    ,0.4954831   ,3.137225 ,7534930
0.6771719    ,0.4947189   ,3.146567 ,7534962
0.6820242    ,0.4925738   ,3.148163 ,7534994
0.6915288    ,0.4953493   ,3.154522 ,7535030
0.6966602    ,0.493001    ,3.157017 ,7535062
0.6981758    ,0.4910834   ,3.159094 ,7535094
0.699784     ,0.4909497   ,3.160731 ,7535130
0.6984183    ,0.488507    ,3.166106 ,7535162
0.6977345    ,0.4879693   ,3.167677 ,7535194
0.693703     ,0.4872762   ,3.171207 ,7535230
0.6904038    ,0.4866464   ,3.172444 ,7535262
0.6740493    ,0.4853302   ,3.184839 ,7535294
0.6536766    ,0.4785689   ,3.201665 ,7535330
0.6463524    ,0.4695213   ,3.201353 ,7535362
0.632946     ,0.468792    ,3.204071 ,7535394
0.6080892    ,0.4633136   ,3.19997  ,7535430
0.5872799    ,0.4579189   ,3.206087 ,7535462
0.5701902    ,0.4595455   ,3.207417 ,7535494
0.5432324    ,0.4536155   ,3.207721 ,7535530
0.5190244    ,0.4463016   ,3.204829 ,7535562
0.5087727    ,0.4449902   ,3.206904 ,7535594
0.493464     ,0.4489463   ,3.209505 ,7535630
0.4632753    ,0.4436617   ,3.213801 ,7535662
0.4542063    ,0.4421787   ,3.215699 ,7535698
0.4405465    ,0.4382557   ,3.218275 ,7535730
0.4298679    ,0.4382399   ,3.222392 ,7535762
0.4203453    ,0.4404874   ,3.226691 ,7535798
0.4121071    ,0.4399546   ,3.227643 ,7535830
0.4066243    ,0.4400436   ,3.229393 ,7535862
0.3999223    ,0.4038586   ,3.23712  ,7535898
0.3974553    ,0.4019707   ,3.238381 ,7535930
0.3948898    ,0.4004886   ,3.23777  ,7535962
0.389973     ,0.3967435   ,3.236987 ,7535998
0.3859564    ,0.3972513   ,3.237444 ,7536030
0.3810175    ,0.3895128   ,3.239504 ,7536062
0.3777672    ,0.3913952   ,3.239547 ,7536098
0.3739492    ,0.3850392   ,3.238409 ,7536130
0.3639081    ,0.3792765   ,3.241059 ,7536162
0.3592692    ,0.3720221   ,3.240558 ,7536198
0.3577598    ,0.3718244   ,3.242017 ,7536230
0.352015     ,0.3713515   ,3.243202 ,7536262
0.3402197    ,0.3814006   ,3.243757 ,7536298
0.3344223    ,0.3797446   ,3.24618  ,7536330
0.3120804    ,0.4165481   ,3.253267 ,7536398
0.3038386    ,0.4128115   ,3.254235 ,7536430
0.3004864    ,0.4094764   ,3.256526 ,7536462
0.2958887    ,0.4083177   ,3.255531 ,7536498
0.2872454    ,0.4217589   ,3.251027 ,7536530
0.285122     ,0.4071702   ,3.25146  ,7536562
0.2819072    ,0.4055675   ,3.249891 ,7536598
0.2740115    ,0.4075458   ,3.244904 ,7536630
0.263812     ,0.4125605   ,3.240257 ,7536662
0.259385     ,0.408128    ,3.234976 ,7536698
0.2518504    ,0.3974468   ,3.222307 ,7536730
0.2386315    ,0.4101122   ,3.215105 ,7536762
0.2253817    ,0.4361364   ,3.195494 ,7536798
0.2196213    ,0.4013006   ,3.189828 ,7536830
0.2060201    ,0.3880392   ,3.174323 ,7536862
0.1865806    ,0.4464282   ,3.155066 ,7536898
0.1822008    ,0.4419888   ,3.151592 ,7536930
0.1590211    ,0.3923995   ,3.119999 ,7536998
0.1509848    ,0.4022376   ,3.115175 ,7537030
0.1288631    ,0.4323695   ,3.102513 ,7537066
0.1193505    ,0.4220598   ,3.096557 ,7537098
0.09870404   ,0.4109744   ,3.089914 ,7537130
0.08560821   ,0.4048074   ,3.086619 ,7537166
0.0766278    ,0.3949724   ,3.086607 ,7537198
0.05581395   ,0.3899351   ,3.08502  ,7537230
0.05045638   ,0.3883753   ,3.084506 ,7537266
0.0417942    ,0.388078    ,3.088051 ,7537298
0.008207965  ,0.3939813   ,3.089156 ,7537330
-0.0001351573,0.3967384   ,3.099227 ,7537366
-0.01228125  ,0.3963104   ,3.112213 ,7537398
-0.01990378  ,0.3985826   ,3.120098 ,7537430
-0.03385445  ,0.4496365   ,3.140718 ,7537466
-0.03518909  ,0.448216    ,3.135042 ,7537498
-0.04226717  ,0.4474248   ,3.133963 ,7537530
-0.05321629  ,0.4457039   ,3.137394 ,7537566
-0.05288152  ,0.446056    ,3.134908 ,7537598
-0.0846075   ,0.3939013   ,3.131435 ,7537630
-0.08137541  ,0.4594317   ,3.153038 ,7537666
-0.07369003  ,0.4093604   ,3.149612 ,7537698
-0.08508746  ,0.4638477   ,3.158666 ,7537730
-0.08525734  ,0.4640797   ,3.158825 ,7537766
-0.1020361   ,0.4704277   ,3.209619 ,7537798
-0.1101092   ,0.4765712   ,3.209713 ,7537830
-0.1201035   ,0.4781799   ,3.208716 ,7537866
-0.1350203   ,0.4790821   ,3.205599 ,7537898
-0.161482    ,0.4105762   ,3.199848 ,7537930
-0.07937777  ,0.5170257   ,3.241453 ,7537966
-0.06902493  ,0.4386949   ,3.225913 ,7537998
-0.09020599  ,0.435964    ,3.219342 ,7538030
-0.1013369   ,0.4333508   ,3.206419 ,7538066
-0.1221436   ,0.4090137   ,3.185012 ,7538098
-0.1279185   ,0.4189977   ,3.177985 ,7538134
-0.1365267   ,0.4221448   ,3.164877 ,7538166
-0.1485336   ,0.500096    ,3.160788 ,7538198
-0.1737734   ,0.4380465   ,3.12849  ,7538234
-0.1952894   ,0.4918635   ,3.115311 ,7538266
-0.1999552   ,0.4265852   ,3.097368 ,7538298
-0.2162321   ,0.4825582   ,3.086454 ,7538334
-0.2408825   ,0.4234327   ,3.063407 ,7538366
-0.2413886   ,0.4537526   ,3.064375 ,7538398
-0.262864    ,0.4568017   ,3.048914 ,7538434
-0.2708517   ,0.4547824   ,3.044013 ,7538466
-0.2836426   ,0.4551382   ,3.039475 ,7538498
-0.2980566   ,0.4551257   ,3.034067 ,7538534
-0.3080679   ,0.4496458   ,3.027442 ,7538566
-0.328278    ,0.4450687   ,3.025532 ,7538598
-0.3377299   ,0.4413294   ,3.022787 ,7538634
-0.3652207   ,0.4329566   ,3.016232 ,7538698
-0.2939153   ,0.4316611   ,2.95604  ,7538734
-0.3087406   ,0.4313553   ,2.950271 ,7538766
-0.325352    ,0.4317761   ,2.94797  ,7538798
-0.3564456   ,0.4329305   ,2.939903 ,7538834
-0.3787993   ,0.4355355   ,2.931336 ,7538866
-0.4093388   ,0.4318067   ,2.923688 ,7538898
-0.4377633   ,0.4281327   ,2.913771 ,7538934
-0.465994    ,0.4297622   ,2.905101 ,7538966
-0.4993641   ,0.4247109   ,2.894445 ,7538998
-0.5230378   ,0.4257349   ,2.884844 ,7539034
-0.5379583   ,0.4249896   ,2.88695  ,7539066
-0.5839754   ,0.4175794   ,2.884016 ,7539098
-0.5920102   ,0.4162339   ,2.8837   ,7539134
-0.6332933   ,0.4135558   ,2.877271 ,7539166
-0.6451818   ,0.413428    ,2.869432 ,7539198
-0.663172    ,0.4146247   ,2.863308 ,7539234
-0.6847978   ,0.4124527   ,2.857817 ,7539266
-0.7051429   ,0.4186128   ,2.853601 ,7539298
-0.7212574   ,0.4176345   ,2.844703 ,7539334
-0.7451591   ,0.4209213   ,2.826823 ,7539366
-0.7538459   ,0.4170128   ,2.819669 ,7539402
-0.7706428   ,0.4156878   ,2.806238 ,7539434
-0.7810066   ,0.4093149   ,2.797499 ,7539466
-0.7874376   ,0.4029838   ,2.789085 ,7539502
-0.8019456   ,0.4032463   ,2.780171 ,7539534
-0.8139358   ,0.4064136   ,2.770011 ,7539566
-0.8382086   ,0.4208735   ,2.748479 ,7539602
-0.8469186   ,0.4266546   ,2.750092 ,7539634
-0.8600042   ,0.4322613   ,2.74331  ,7539666
-0.8724848   ,0.4392777   ,2.737031 ,7539702
-0.8917089   ,0.4358133   ,2.731303 ,7539734
-0.9039978   ,0.4354032   ,2.729364 ,7539766
-0.9263407   ,0.4346065   ,2.731234 ,7539802
-0.93061     ,0.4374696   ,2.731457 ,7539834
-0.9527674   ,0.4329726   ,2.737662 ,7539866
-0.9539903   ,0.4333438   ,2.737134 ,7539902
-0.9564426   ,0.4345801   ,2.739119 ,7539934
-0.9583932   ,0.435524    ,2.739958 ,7539966
-0.9759058   ,0.4441195   ,2.806812 ,7540002
-0.9749916   ,0.4440295   ,2.805839 ,7540034
-0.9747378   ,0.4438144   ,2.804881 ,7540066
-0.975521    ,0.4452432   ,2.804156 ,7540102
-0.9702201   ,0.4471433   ,2.804238 ,7540134
-0.9696013   ,0.4472305   ,2.803588 ,7540166
-0.9697348   ,0.4491289   ,2.803665 ,7540202
-0.9687052   ,0.4497506   ,2.803475 ,7540234
-0.9705696   ,0.4499995   ,2.802598 ,7540266
-0.9729225   ,0.4518614   ,2.805326 ,7540302
-0.9730367   ,0.4547024   ,2.819964 ,7540334
-0.8899866   ,0.4164124   ,2.861609 ,7540366
-0.8915178   ,0.4149714   ,2.857357 ,7540402
-0.8908963   ,0.4068182   ,2.850015 ,7540434
-0.8793287   ,0.3615456   ,2.829046 ,7540466
-0.8808007   ,0.3562627   ,2.810298 ,7540502
-0.8622857   ,0.3537477   ,2.791022 ,7540534
-0.8497005   ,0.4289733   ,2.772855 ,7540566
-0.8492523   ,0.4210358   ,2.76506  ,7540602
-0.8475509   ,0.4192162   ,2.72443  ,7540634
-0.8447817   ,0.4097522   ,2.715298 ,7540670
-0.8365049   ,0.3905323   ,2.68999  ,7540702
-0.8343284   ,0.3813255   ,2.672616 ,7540734
-0.8309005   ,0.3645431   ,2.654461 ,7540770
-0.8363956   ,0.3526941   ,2.649332 ,7540802
-0.8298029   ,0.3421085   ,2.629007 ,7540834
-0.8253492   ,0.3348414   ,2.617766 ,7540870
-0.8212459   ,0.3256327   ,2.60712  ,7540902
-0.8189772   ,0.3169747   ,2.602712 ,7540934
-0.8159792   ,0.3107725   ,2.59565  ,7540970
-0.8119221   ,0.3001153   ,2.590071 ,7541002
-0.8079149   ,0.2898654   ,2.585638 ,7541034
-0.807348    ,0.2854799   ,2.583966 ,7541070
-0.8072651   ,0.2738442   ,2.584477 ,7541102
-0.804435    ,0.2607406   ,2.584567 ,7541134
-0.8018579   ,0.254301    ,2.585023 ,7541170
-0.798753    ,0.2433748   ,2.585074 ,7541202
-0.7978472   ,0.2353664   ,2.584183 ,7541234
-0.7973289   ,0.2237019   ,2.585084 ,7541270
-0.7975644   ,0.2159347   ,2.583851 ,7541302
-0.7983402   ,0.2083192   ,2.57876  ,7541334
-0.8012399   ,0.1952811   ,2.577643 ,7541370
-0.8036687   ,0.1834742   ,2.573506 ,7541402
-0.8052182   ,0.1689815   ,2.566867 ,7541434
-0.8092579   ,0.1514202   ,2.567787 ,7541470
-0.8145398   ,0.1343208   ,2.56268  ,7541502
-0.8166606   ,0.122319    ,2.561556 ,7541534
-0.821651    ,0.105691    ,2.556921 ,7541570
-0.8232356   ,0.09718044  ,2.555593 ,7541602
-0.824872    ,0.07410842  ,2.552253 ,7541634
-0.8279296   ,0.06279121  ,2.551723 ,7541670
-0.8290062   ,0.04695036  ,2.549071 ,7541702
-0.8291994   ,0.03628238  ,2.548481 ,7541734
-0.8300135   ,0.0218401   ,2.546269 ,7541770
-0.8303689   ,0.01326388  ,2.544812 ,7541802
-0.8306667   ,0.0001392215,2.547678 ,7541838
-0.8289444   ,-0.009036466,2.54876  ,7541870
-0.8251073   ,-0.03290157 ,2.548481 ,7541902
-0.825796    ,-0.03726786 ,2.547285 ,7541938
-0.8267334   ,-0.05194426 ,2.543734 ,7541970
-0.8272358   ,-0.05807789 ,2.542658 ,7542002
-0.8251874   ,-0.07859695 ,2.546992 ,7542038
-0.8230288   ,-0.08895774 ,2.544279 ,7542070
-0.8257408   ,-0.09415926 ,2.543308 ,7542102
-0.826758    ,-0.1100225  ,2.544058 ,7542138
-0.8292865   ,-0.1177745  ,2.542325 ,7542170
-0.8287272   ,-0.1261054  ,2.541251 ,7542202
-0.8318625   ,-0.1430504  ,2.542433 ,7542238
-0.8332409   ,-0.150872   ,2.541142 ,7542270
-0.8363092   ,-0.1820905  ,2.539024 ,7542302
-0.8393382   ,-0.1860313  ,2.540093 ,7542338
-0.8423507   ,-0.2204286  ,2.548288 ,7542370
-0.844524    ,-0.2244976  ,2.546576 ,7542402
-0.8458511   ,-0.2330798  ,2.544903 ,7542438
-0.8434844   ,-0.2482425  ,2.54496  ,7542470
-0.8413416   ,-0.2650279  ,2.548905 ,7542502
-0.8405554   ,-0.2688451  ,2.547664 ,7542538
-0.8408641   ,-0.2732171  ,2.54742  ,7542570
-0.8417302   ,-0.2757801  ,2.548424 ,7542602
-0.8427964   ,-0.2778153  ,2.548697 ,7542638
-0.8421398   ,-0.2849689  ,2.550766 ,7542670
-0.8415527   ,-0.2880002  ,2.549951 ,7542702
-0.8404835   ,-0.2910763  ,2.550658 ,7542738
-0.8391383   ,-0.2914725  ,2.55075  ,7542770
-0.8389519   ,-0.2915793  ,2.550677 ,7542802
-0.8388554   ,-0.29175    ,2.550749 ,7542838
-0.8376323   ,-0.2867442  ,2.548156 ,7542870
-0.8374803   ,-0.2868609  ,2.548143 ,7542902
-0.8374089   ,-0.2874442  ,2.548117 ,7542938
-0.8360972   ,-0.2868882  ,2.548145 ,7542970
-0.8359706   ,-0.2855483  ,2.549437 ,7543038
-0.8348842   ,-0.2849897  ,2.549901 ,7543070
-0.8344706   ,-0.28337    ,2.549999 ,7543106
-0.8359308   ,-0.2752093  ,2.549649 ,7543138
-0.8401552   ,-0.2520785  ,2.548272 ,7543170
-0.8430163   ,-0.224671   ,2.545581 ,7543206
-0.8441584   ,-0.1917082  ,2.542722 ,7543238
-0.8487826   ,-0.1693145  ,2.543829 ,7543270
-0.8504774   ,-0.1480449  ,2.545538 ,7543306
-0.8499795   ,-0.0937537  ,2.542954 ,7543338
-0.8573308   ,-0.03654152 ,2.550429 ,7543406
-0.8588093   ,-0.01504515 ,2.554406 ,7543438
-0.8679962   ,0.02401614  ,2.555413 ,7543470
-0.8724953   ,0.06634597  ,2.568254 ,7543506
-0.8748531   ,0.09638628  ,2.566581 ,7543538
-0.8824384   ,0.1342408   ,2.575502 ,7543570
-0.8814799   ,0.2046618   ,2.585459 ,7543638
-0.8888081   ,0.2294721   ,2.590268 ,7543670
-0.8923426   ,0.2676916   ,2.595704 ,7543706
-0.8952892   ,0.2924139   ,2.601557 ,7543738
-0.8951331   ,0.3241615   ,2.61338  ,7543770
-0.9026533   ,0.3537044   ,2.619525 ,7543806
-0.9043584   ,0.3907277   ,2.624936 ,7543838
-0.9071226   ,0.4179418   ,2.621942 ,7543870
-0.9058075   ,0.4416861   ,2.625483 ,7543906
-0.9058667   ,0.4587333   ,2.62677  ,7543938
-0.9055104   ,0.4624769   ,2.626739 ,7543970
-0.9035233   ,0.465996    ,2.625292 ,7544006
-0.9032815   ,0.4637791   ,2.625242 ,7544038
-0.8985764   ,0.4431404   ,2.623341 ,7544070
-0.8977107   ,0.406952    ,2.61448  ,7544106
-0.8989111   ,0.3877476   ,2.613203 ,7544138
-0.9029655   ,0.3681182   ,2.60018  ,7544170
-0.9027379   ,0.3574372   ,2.594291 ,7544206
-0.910897    ,0.3481755   ,2.580875 ,7544238
-0.9127039   ,0.3445578   ,2.565591 ,7544270
-0.9202979   ,0.3455064   ,2.545204 ,7544306
-0.9293216   ,0.3501242   ,2.524891 ,7544338
-0.9366468   ,0.3531915   ,2.510991 ,7544374
-0.9484442   ,0.3558744   ,2.497373 ,7544406
-0.9742962   ,0.3689955   ,2.454713 ,7544474
-0.979441    ,0.3768457   ,2.41913  ,7544538
-0.9805256   ,0.3790214   ,2.405952 ,7544574
-0.9839988   ,0.3819162   ,2.389777 ,7544606
-0.983917    ,0.3784054   ,2.361112 ,7544638
-0.9793374   ,0.3773688   ,2.344799 ,7544674
-0.9738365   ,0.3753989   ,2.311194 ,7544706
-0.9665634   ,0.3670909   ,2.286979 ,7544738
-0.952273    ,0.3631422   ,2.254687 ,7544774
-0.9413497   ,0.3568208   ,2.230597 ,7544806
-0.9236165   ,0.3509775   ,2.192208 ,7544838
-0.912348    ,0.3468814   ,2.168207 ,7544874
-0.8881772   ,0.343722    ,2.13021  ,7544906
-0.8694069   ,0.345953    ,2.104378 ,7544938
-0.8463163   ,0.3437674   ,2.072944 ,7544974
-0.8296781   ,0.3437157   ,2.044977 ,7545006
-0.807614    ,0.3459524   ,2.013991 ,7545038
-0.7947949   ,0.3514312   ,1.992796 ,7545074
-0.7681462   ,0.3543208   ,1.958051 ,7545106
-0.7497451   ,0.3626802   ,1.932895 ,7545138
-0.7280185   ,0.3676381   ,1.905722 ,7545174
-0.709591    ,0.3781723   ,1.878603 ,7545206
-0.6813114   ,0.3798068   ,1.852565 ,7545238
-0.6620892   ,0.3820114   ,1.826456 ,7545274
-0.6358232   ,0.3779971   ,1.800081 ,7545306
-0.6150669   ,0.3780856   ,1.776911 ,7545338
-0.5893683   ,0.3762738   ,1.753644 ,7545374
-0.5666663   ,0.3753431   ,1.734504 ,7545406
-0.5373945   ,0.3753613   ,1.712118 ,7545438
-0.5084906   ,0.3801499   ,1.696979 ,7545474
-0.4787764   ,0.3818612   ,1.684431 ,7545506
-0.4420986   ,0.3849348   ,1.675168 ,7545542
-0.4102792   ,0.384836    ,1.669673 ,7545574
-0.3791956   ,0.3866654   ,1.666934 ,7545606
-0.3486342   ,0.3847391   ,1.668719 ,7545642
-0.3023374   ,0.3834806   ,1.671197 ,7545674
-0.2681878   ,0.3875626   ,1.674206 ,7545706
-0.1820707   ,0.385789    ,1.690204 ,7545774
-0.1569689   ,0.3827419   ,1.693859 ,7545806
-0.1075442   ,0.3743607   ,1.700556 ,7545842
-0.08685826  ,0.3706164   ,1.704267 ,7545874
-0.04471687  ,0.3689744   ,1.71013  ,7545906
-0.01638756  ,0.3701571   ,1.712202 ,7545942
0.02439235   ,0.3705121   ,1.715121 ,7545974
0.05257867   ,0.3735746   ,1.716982 ,7546006
0.09183473   ,0.3796384   ,1.720934 ,7546042
0.1158732    ,0.384682    ,1.724346 ,7546074
0.1455411    ,0.3906325   ,1.729848 ,7546106
0.1846618    ,0.3937092   ,1.734219 ,7546142
0.2094207    ,0.395339    ,1.740945 ,7546174
0.23631      ,0.3935593   ,1.754779 ,7546206
0.2800732    ,0.3896685   ,1.763104 ,7546242
0.3157808    ,0.3829459   ,1.775905 ,7546274
0.3363184    ,0.3796114   ,1.792655 ,7546306
0.3778038    ,0.3775445   ,1.814736 ,7546342
0.4074326    ,0.3712149   ,1.826867 ,7546374
0.4401371    ,0.3688822   ,1.845636 ,7546406
0.46109      ,0.3685476   ,1.863842 ,7546442
0.4809842    ,0.3683362   ,1.880815 ,7546474
0.4940636    ,0.3755241   ,1.902457 ,7546506
0.5133631    ,0.3877481   ,1.913669 ,7546542
0.5219219    ,0.4107622   ,1.927494 ,7546574
0.5312961    ,0.437676    ,1.94428  ,7546606
0.5369639    ,0.4743928   ,1.947118 ,7546642
0.5414006    ,0.5083212   ,1.958371 ,7546674
0.5452782    ,0.5439624   ,1.95934  ,7546706
0.5533105    ,0.5712913   ,1.962322 ,7546742
0.5567992    ,0.5957022   ,1.965474 ,7546774
0.5603907    ,0.6086301   ,1.96839  ,7546810
0.5639364    ,0.6151465   ,1.9724   ,7546842
0.6374278    ,0.6139085   ,1.959193 ,7546874
0.6407892    ,0.6057284   ,1.962274 ,7546910
0.6444009    ,0.5875195   ,1.966963 ,7546942
0.6597217    ,0.5699244   ,1.974873 ,7546974
0.6620078    ,0.5599897   ,1.97912  ,7547010
0.6670933    ,0.5516236   ,1.980807 ,7547042
0.6828143    ,0.537769    ,1.974998 ,7547074
0.69142      ,0.527953    ,1.972398 ,7547110
0.7039577    ,0.5158632   ,1.968807 ,7547142
0.7162418    ,0.5010682   ,1.964105 ,7547174
0.7227363    ,0.4849715   ,1.963707 ,7547210
0.7336764    ,0.4187583   ,1.96278  ,7547242
0.739399     ,0.4114915   ,1.960545 ,7547274
0.7527452    ,0.4094642   ,1.953682 ,7547310
0.7671886    ,0.3961731   ,1.946845 ,7547342
0.773743     ,0.3296217   ,1.945927 ,7547374
0.7862263    ,0.3255184   ,1.941283 ,7547442
0.7945067    ,0.3188369   ,1.934948 ,7547474
0.7973129    ,0.273609    ,1.931665 ,7547510
0.8038132    ,0.2907352   ,1.92203  ,7547542
0.7983801    ,0.2687332   ,1.924638 ,7547610
0.7934514    ,0.2637112   ,1.924393 ,7547674
0.7891553    ,0.2639945   ,1.92426  ,7547710
0.777168     ,0.2856127   ,1.922859 ,7547742
0.7670434    ,0.2990393   ,1.925494 ,7547774
0.7640442    ,0.3301054   ,1.881177 ,7547810
0.7598948    ,0.3389954   ,1.88253  ,7547842
0.7507267    ,0.3561165   ,1.886851 ,7547874
0.7377577    ,0.379061    ,1.893336 ,7547910
0.7264915    ,0.3982116   ,1.901751 ,7547942
0.7233723    ,0.4141163   ,1.904933 ,7547974
0.7179726    ,0.4226928   ,1.907902 ,7548010
0.7123625    ,0.4329586   ,1.912734 ,7548042
0.7081326    ,0.4389593   ,1.917192 ,7548110
0.7050524    ,0.4431854   ,1.923261 ,7548142
0.7061142    ,0.443518    ,1.92536  ,7548178
0.7150033    ,0.4403881   ,1.928239 ,7548210
0.7341611    ,0.4335341   ,1.934874 ,7548242
0.7479328    ,0.4269962   ,1.948923 ,7548278
0.7734919    ,0.4177006   ,1.961805 ,7548310
0.7946494    ,0.4113038   ,1.966618 ,7548342
0.8095809    ,0.4088148   ,1.976155 ,7548378
0.8276477    ,0.3677779   ,1.998705 ,7548410
0.8305228    ,0.3821988   ,2.010521 ,7548442
0.8424909    ,0.3457325   ,2.025714 ,7548478
0.8424472    ,0.3438109   ,2.031625 ,7548510
0.8249341    ,0.3364801   ,2.047369 ,7548542
0.8232736    ,0.3346352   ,2.049809 ,7548578
0.8200605    ,0.3611574   ,2.058269 ,7548610
0.8068627    ,0.3700108   ,2.058358 ,7548642
0.7965925    ,0.376969    ,2.059027 ,7548678
0.7939668    ,0.3877485   ,2.061335 ,7548710
0.7880679    ,0.3945119   ,2.062831 ,7548742
0.7835122    ,0.4040079   ,2.062298 ,7548778
0.7697052    ,0.414099    ,2.066508 ,7548810
0.7538444    ,0.4166469   ,2.069883 ,7548842
0.7476561    ,0.4204144   ,2.073842 ,7548878
0.7180071    ,0.4257922   ,2.076669 ,7548910
0.6911514    ,0.4147722   ,2.078207 ,7548942
0.6811492    ,0.4005167   ,2.084811 ,7548978
0.6607729    ,0.4097163   ,2.095193 ,7549010
0.6413987    ,0.4167378   ,2.104317 ,7549042
0.6218841    ,0.4191242   ,2.114319 ,7549078
0.5962015    ,0.4405338   ,2.129188 ,7549110
0.5601717    ,0.4178303   ,2.14105  ,7549142
0.5044506    ,0.4143796   ,2.163792 ,7549210
0.478391     ,0.3694454   ,2.181426 ,7549246
0.453208     ,0.3895624   ,2.193795 ,7549278
0.4293304    ,0.3900042   ,2.202722 ,7549310
0.4017977    ,0.3946949   ,2.211941 ,7549346
0.3745767    ,0.3990146   ,2.218632 ,7549378
0.3460478    ,0.4051443   ,2.224046 ,7549410
0.3092049    ,0.4019261   ,2.236053 ,7549446
0.2803494    ,0.3954055   ,2.246233 ,7549478
0.2348113    ,0.3745409   ,2.260387 ,7549510
0.2044197    ,0.369709    ,2.271574 ,7549546
0.164289     ,0.3574504   ,2.285948 ,7549578
0.134256     ,0.3520054   ,2.301852 ,7549610
0.09684627   ,0.3537447   ,2.325451 ,7549646
0.08042055   ,0.3565926   ,2.332615 ,7549678
0.0531445    ,0.3558018   ,2.350103 ,7549710
0.05080234   ,0.3538136   ,2.372508 ,7549746
0.03204026   ,0.3470816   ,2.399149 ,7549778
0.004472871  ,0.3417711   ,2.424938 ,7549810
-0.01622171  ,0.3380081   ,2.435538 ,7549846
-0.06045334  ,0.3392261   ,2.467587 ,7549878
-0.0710524   ,0.3350694   ,2.472903 ,7549910
-0.109391    ,0.3394273   ,2.489327 ,7549946
-0.1571556   ,0.3469439   ,2.520294 ,7550010
-0.1641341   ,0.3403847   ,2.523712 ,7550046
-0.1940988   ,0.3302882   ,2.534446 ,7550078
-0.2151166   ,0.3198266   ,2.548496 ,7550110
-0.2416098   ,0.3081011   ,2.561622 ,7550146
-0.2996493   ,0.2970416   ,2.60814  ,7550210
-0.3072626   ,0.2937594   ,2.626374 ,7550246
-0.3308693   ,0.3002319   ,2.639748 ,7550278
-0.3534784   ,0.2972406   ,2.670514 ,7550310
-0.3665313   ,0.3025444   ,2.686095 ,7550346
-0.3882681   ,0.3081181   ,2.705413 ,7550378
-0.3999644   ,0.3028692   ,2.728854 ,7550410
-0.4152228   ,0.3038247   ,2.746461 ,7550446
-0.4319983   ,0.3096649   ,2.761428 ,7550478
-0.4504773   ,0.3203328   ,2.784799 ,7550514
-0.4549383   ,0.3178352   ,2.795802 ,7550546
-0.4730558   ,0.3157737   ,2.82583  ,7550578
-0.4856073   ,0.3207499   ,2.848105 ,7550614
-0.4961944   ,0.3142856   ,2.871195 ,7550646
-0.4999446   ,0.3051688   ,2.905317 ,7550678
-0.5045735   ,0.2993146   ,2.942649 ,7550714
-0.5104475   ,0.3003528   ,2.953891 ,7550746
-0.5117147   ,0.3086368   ,2.972852 ,7550778
-0.5087878   ,0.3102145   ,2.992064 ,7550814
-0.5082641   ,0.3048009   ,3.009925 ,7550846
-0.5011384   ,0.3008425   ,3.034271 ,7550878
-0.4944309   ,0.3124971   ,3.072364 ,7550914
-0.4855174   ,0.3198612   ,3.100353 ,7550946
-0.4810932   ,0.3093731   ,3.110694 ,7550978
-0.4704842   ,0.3064125   ,3.130924 ,7551014
-0.4643919   ,0.315804    ,3.14151  ,7551046
-0.4376391   ,0.3335901   ,3.172887 ,7551078
-0.4323313   ,0.3376754   ,3.177149 ,7551114
-0.40699     ,0.3425244   ,3.207347 ,7551146
-0.39849     ,0.3402585   ,3.214865 ,7551178
-0.3865607   ,0.3406552   ,3.231076 ,7551214
-0.3766029   ,0.3403929   ,3.239129 ,7551246
-0.3506014   ,0.3416126   ,3.258394 ,7551278
-0.3106256   ,0.3590563   ,3.286804 ,7551314
-0.297408    ,0.3507282   ,3.28477  ,7551346
-0.2666286   ,0.360493    ,3.294179 ,7551378
-0.2390375   ,0.3674217   ,3.308297 ,7551414
-0.2036735   ,0.3723516   ,3.315749 ,7551446
-0.1865693   ,0.3639758   ,3.322578 ,7551478
-0.1519462   ,0.3637107   ,3.34711  ,7551514
-0.1360663   ,0.358788    ,3.344891 ,7551546
-0.1261301   ,0.35419     ,3.345909 ,7551578
-0.1066777   ,0.360052    ,3.351069 ,7551614
-0.09259748  ,0.3598532   ,3.354013 ,7551646
-0.08029155  ,0.365313    ,3.357037 ,7551678
-0.06230143  ,0.3707656   ,3.362528 ,7551714
-0.05008042  ,0.3747563   ,3.361512 ,7551746
-0.04713747  ,0.3703418   ,3.358231 ,7551782
-0.03922362  ,0.3631252   ,3.352461 ,7551814
-0.03387006  ,0.3496703   ,3.357232 ,7551846
-0.02613179  ,0.325522    ,3.348841 ,7551882
-0.0190157   ,0.2953237   ,3.339068 ,7551914
-0.01572494  ,0.2712895   ,3.349168 ,7551946
-0.007050499 ,0.2293314   ,3.330316 ,7551982
-0.006098253 ,0.20299     ,3.341969 ,7552014
-0.00106346  ,0.1589171   ,3.318003 ,7552046
0.004598193  ,0.1445029   ,3.320851 ,7552082
0.01360195   ,0.08696905  ,3.318774 ,7552114
0.02746417   ,0.004872218 ,3.310812 ,7552182
0.03003123   ,-0.006664664,3.314536 ,7552214
0.03438901   ,-0.05008361 ,3.315436 ,7552246
0.04284647   ,-0.09738137 ,3.296988 ,7552282
0.05611886   ,-0.132031   ,3.311377 ,7552314
0.05647005   ,-0.1319122  ,3.301334 ,7552346
0.06584835   ,-0.1697073  ,3.280889 ,7552382
0.06629779   ,-0.1808952  ,3.2844   ,7552414
0.06568357   ,-0.1943406  ,3.280248 ,7552446
0.0692782    ,-0.2144308  ,3.294189 ,7552482
0.06981754   ,-0.2149289  ,3.295205 ,7552514
0.07590498   ,-0.2161804  ,3.29249  ,7552546
0.06915316   ,-0.2185913  ,3.299682 ,7552582
0.07828079   ,-0.2225573  ,3.302994 ,7552614
0.08032895   ,-0.2143553  ,3.295174 ,7552646
0.08375773   ,-0.2096907  ,3.29287  ,7552682
0.08433931   ,-0.210536   ,3.293862 ,7552714
0.08375946   ,-0.2075638  ,3.290556 ,7552746
0.06799565   ,-0.2083524  ,3.293427 ,7552782
0.06895196   ,-0.2027127  ,3.289294 ,7552814
0.06834809   ,-0.2009642  ,3.287257 ,7552846
0.06511877   ,-0.2022653  ,3.286758 ,7552882
0.06686891   ,-0.2002325  ,3.287181 ,7552914
0.06546795   ,-0.2021592  ,3.284557 ,7552950
0.06720062   ,-0.1912553  ,3.279576 ,7552982
0.0662211    ,-0.1946231  ,3.283081 ,7553014
0.06464051   ,-0.1911134  ,3.283815 ,7553050
0.06612769   ,-0.188421   ,3.283462 ,7553082
0.06816539   ,-0.1862518  ,3.284264 ,7553114
0.07369085   ,-0.1907079  ,3.293364 ,7553150
0.07635406   ,-0.2021738  ,3.296924 ,7553182
0.07679629   ,-0.2005345  ,3.292616 ,7553214
0.07896602   ,-0.196717   ,3.294364 ,7553250
0.0845493    ,-0.1975857  ,3.292276 ,7553282
0.09680611   ,-0.1984704  ,3.293679 ,7553314
0.09825021   ,-0.1967463  ,3.293771 ,7553350
0.1010988    ,-0.2088303  ,3.305398 ,7553382
0.09902617   ,-0.2064985  ,3.304687 ,7553414
0.096633     ,-0.2026231  ,3.305318 ,7553450
0.09806602   ,-0.1960906  ,3.301396 ,7553482
0.09679812   ,-0.1971496  ,3.300599 ,7553514
0.09695612   ,-0.1993433  ,3.301032 ,7553550
0.09815751   ,-0.2010182  ,3.29957  ,7553582
0.09886487   ,-0.2094492  ,3.298319 ,7553614
0.1016333    ,-0.2125652  ,3.297781 ,7553650
0.1040738    ,-0.2168252  ,3.29496  ,7553682
0.1036449    ,-0.217547   ,3.294299 ,7553714
0.1028377    ,-0.2199455  ,3.289134 ,7553750
0.1036583    ,-0.2216466  ,3.287952 ,7553782
0.1035856    ,-0.2217492  ,3.287634 ,7553814
0.1032878    ,-0.2226638  ,3.286533 ,7553850
0.103617     ,-0.2223584  ,3.286565 ,7553882
0.104029     ,-0.222672   ,3.286231 ,7553914
0.1049185    ,-0.2240693  ,3.28415  ,7553950
0.1032632    ,-0.2271765  ,3.282505 ,7553982
0.1032264    ,-0.229552   ,3.28424  ,7554014
0.1030366    ,-0.2289318  ,3.283551 ,7554050
0.1018561    ,-0.2298927  ,3.283455 ,7554082
0.1012522    ,-0.2280392  ,3.283573 ,7554114
0.09928621   ,-0.2296655  ,3.283506 ,7554150
0.09740216   ,-0.2404704  ,3.281038 ,7554182
0.09698956   ,-0.2417083  ,3.280886 ,7554218
0.09662472   ,-0.2411125  ,3.280041 ,7554250
0.09629561   ,-0.2418915  ,3.280469 ,7554282
0.09426925   ,-0.2412951  ,3.281151 ,7554318
0.09419057   ,-0.2414615  ,3.281174 ,7554350
0.09410673   ,-0.2407043  ,3.280596 ,7554382
0.09273416   ,-0.241837   ,3.280193 ,7554418
0.09288462   ,-0.2410443  ,3.281077 ,7554450
0.09255885   ,-0.2408338  ,3.281482 ,7554482
0.09249273   ,-0.2408856  ,3.281385 ,7554518
0.0926997    ,-0.2425398  ,3.281255 ,7554550
0.09264732   ,-0.2494594  ,3.28982  ,7554582
0.09114794   ,-0.224285   ,3.277743 ,7554618
0.09226646   ,-0.2214498  ,3.279577 ,7554650
0.09344614   ,-0.2185516  ,3.282955 ,7554682
0.0912976    ,-0.2174346  ,3.286585 ,7554718
0.09145993   ,-0.2167872  ,3.289096 ,7554750
0.09062572   ,-0.2154964  ,3.290615 ,7554782
0.0946216    ,-0.2094034  ,3.293126 ,7554818
0.09442895   ,-0.2074711  ,3.294631 ,7554850
0.09181155   ,-0.2081275  ,3.29398  ,7554882
0.09273952   ,-0.2077126  ,3.298534 ,7554918
0.09655537   ,-0.2030349  ,3.298018 ,7554950
0.09808569   ,-0.2022237  ,3.294207 ,7554982
0.09804009   ,-0.2022245  ,3.294355 ,7555018
0.09830917   ,-0.2031523  ,3.293038 ,7555050
0.09982331   ,-0.2028708  ,3.293634 ,7555082
0.1006239    ,-0.2037782  ,3.293244 ,7555118
0.100457     ,-0.2029877  ,3.289488 ,7555150
0.1000379    ,-0.203431   ,3.2899   ,7555182
0.1007265    ,-0.2035641  ,3.289852 ,7555218
0.1011956    ,-0.2039587  ,3.289406 ,7555250
0.1014989    ,-0.2029523  ,3.290777 ,7555282
0.1003777    ,-0.2026436  ,3.289058 ,7555350
0.09625897   ,-0.2066515  ,3.284006 ,7555382
0.09704701   ,-0.2064307  ,3.282284 ,7555418
0.09432755   ,-0.2113561  ,3.276453 ,7555450
0.09523734   ,-0.2111564  ,3.276794 ,7555486
0.0929088    ,-0.2137107  ,3.2706   ,7555518
0.09209655   ,-0.2143297  ,3.26945  ,7555550
0.0906662    ,-0.2156884  ,3.26864  ,7555586
0.08798131   ,-0.2199301  ,3.262875 ,7555618
0.08722358   ,-0.2211739  ,3.260607 ,7555650
0.08249299   ,-0.2201459  ,3.253396 ,7555686
0.08269092   ,-0.2196432  ,3.253906 ,7555718
0.08135188   ,-0.2227469  ,3.251533 ,7555750
0.08104924   ,-0.222574   ,3.251369 ,7555786
0.07950103   ,-0.2236989  ,3.250042 ,7555818
0.07742925   ,-0.2248716  ,3.248726 ,7555850
0.07810328   ,-0.226509   ,3.24609  ,7555886
0.07691838   ,-0.225628   ,3.243932 ,7555918
0.07658368   ,-0.2266574  ,3.243544 ,7555950
0.07656504   ,-0.22668    ,3.243535 ,7555986
0.07118669   ,-0.2300167  ,3.238297 ,7556018
0.07113534   ,-0.2313314  ,3.238396 ,7556050
0.0717309    ,-0.2321777  ,3.238635 ,7556086
0.07050034   ,-0.2332767  ,3.239232 ,7556118
0.07051633   ,-0.2328785  ,3.240138 ,7556150
0.06980693   ,-0.2321372  ,3.239442 ,7556186
0.07002367   ,-0.2321436  ,3.237524 ,7556218
0.06910481   ,-0.2310094  ,3.236431 ,7556250
0.06900159   ,-0.2310411  ,3.236451 ,7556286
0.0634399    ,-0.2338969  ,3.235384 ,7556318
0.06043407   ,-0.2322606  ,3.236736 ,7556350
0.05954565   ,-0.2341441  ,3.229189 ,7556386
0.06024986   ,-0.2344162  ,3.231337 ,7556418
0.06274444   ,-0.2309989  ,3.225938 ,7556450
0.0606731    ,-0.2322478  ,3.224694 ,7556486
0.05583348   ,-0.2341247  ,3.223765 ,7556518
0.05047907   ,-0.2205774  ,3.200248 ,7556550
0.04732      ,-0.2191592  ,3.198856 ,7556586
0.03013069   ,-0.19002    ,3.185957 ,7556618
0.03001497   ,-0.1791217  ,3.174972 ,7556654
0.01440741   ,-0.1564519  ,3.156027 ,7556686
-0.004482442 ,-0.114537   ,3.135691 ,7556718
-0.0181152   ,-0.09861401 ,3.127833 ,7556754
-0.04249854  ,-0.0630024  ,3.10292  ,7556786
-0.06122427  ,-0.03764211 ,3.090025 ,7556818
-0.07369748  ,-0.04487748 ,3.089631 ,7556854
-0.09708874  ,0.01082133  ,3.042473 ,7556886
-0.1208607   ,0.02123624  ,3.021753 ,7556918
-0.1360484   ,0.042827    ,2.991606 ,7556954
-0.1548437   ,0.0665812   ,2.961948 ,7556986
-0.1688438   ,0.0825861   ,2.941036 ,7557018
-0.179229    ,0.09135867  ,2.903424 ,7557054
-0.1849766   ,0.1216211   ,2.869977 ,7557086
-0.1888202   ,0.1101186   ,2.856426 ,7557118
-0.200902    ,0.1656858   ,2.787283 ,7557154
-0.2031022   ,0.1897212   ,2.739751 ,7557186
-0.2055814   ,0.2163049   ,2.683925 ,7557218
-0.218714    ,0.2337567   ,2.630293 ,7557254
-0.2256888   ,0.2460276   ,2.576326 ,7557286
-0.2369287   ,0.2513696   ,2.529663 ,7557318
-0.2424886   ,0.2449618   ,2.479858 ,7557354
-0.2587367   ,0.2464454   ,2.442545 ,7557386
-0.2817267   ,0.2567898   ,2.388893 ,7557418
-0.2974084   ,0.2604267   ,2.354776 ,7557454
-0.326435    ,0.2725159   ,2.297221 ,7557486
-0.348682    ,0.2842609   ,2.25061  ,7557518
-0.3736379   ,0.3071137   ,2.197987 ,7557554
-0.3997485   ,0.3284382   ,2.149001 ,7557586
-0.4256237   ,0.3474274   ,2.099072 ,7557618
-0.4478549   ,0.3622084   ,2.0462   ,7557654
-0.4739266   ,0.3724227   ,1.99877  ,7557686
-0.4971724   ,0.3732866   ,1.949841 ,7557718
-0.5166106   ,0.3647487   ,1.906678 ,7557754
-0.545       ,0.3485813   ,1.858411 ,7557786
-0.5735427   ,0.3290839   ,1.80795  ,7557818
-0.586266    ,0.3184389   ,1.763811 ,7557854
-0.600266    ,0.3151146   ,1.718112 ,7557886
-0.6116337   ,0.3212313   ,1.681471 ,7557922
-0.6212971   ,0.3283498   ,1.640864 ,7557954
-0.632137    ,0.3397474   ,1.595701 ,7557986
-0.6397094   ,0.3465572   ,1.55908  ,7558022
-0.6556414   ,0.357469    ,1.510693 ,7558054
-0.6638806   ,0.3618878   ,1.474291 ,7558086
-0.6570107   ,0.3719821   ,1.443662 ,7558122
-0.6559397   ,0.3724955   ,1.415671 ,7558154
-0.6547399   ,0.372188    ,1.390156 ,7558186
-0.6557422   ,0.3680269   ,1.366662 ,7558222
-0.6569916   ,0.3644052   ,1.346854 ,7558254
-0.660184    ,0.3651992   ,1.335949 ,7558286
-0.607869    ,0.1588528   ,1.331394 ,7558322
-0.6070005   ,0.161241    ,1.323421 ,7558354
-0.6055596   ,0.1646513   ,1.308629 ,7558386
-0.6035351   ,0.1689474   ,1.294894 ,7558422
-0.6038233   ,0.1644401   ,1.277657 ,7558454
-0.609823    ,0.1464496   ,1.265944 ,7558486
-0.5785027   ,0.2069088   ,1.227001 ,7558522
-0.5731919   ,0.2322615   ,1.249863 ,7558554
-0.1129109   ,0.01181256  ,0.3309975,7558586

